solid OpenSCAD_Model
  facet normal -0.0654101 0.997858 0
    outer loop
      vertex 52.775 -32.71 1.6
      vertex 52.4226 -32.7331 7.1
      vertex 52.775 -32.71 7.1
    endloop
  endfacet
  facet normal -0.0654101 0.997858 0
    outer loop
      vertex 52.4226 -32.7331 7.1
      vertex 52.775 -32.71 1.6
      vertex 52.4226 -32.7331 1.6
    endloop
  endfacet
  facet normal -0.997858 -0.0654101 0
    outer loop
      vertex 50.0981 -35.7624 1.6
      vertex 50.075 -35.41 7.1
      vertex 50.075 -35.41 1.6
    endloop
  endfacet
  facet normal -0.997858 -0.0654101 0
    outer loop
      vertex 50.075 -35.41 7.1
      vertex 50.0981 -35.7624 1.6
      vertex 50.0981 -35.7624 7.1
    endloop
  endfacet
  facet normal 0.997858 0.0654101 0
    outer loop
      vertex 55.475 -35.41 7.1
      vertex 55.4519 -35.0576 1.59
      vertex 55.4519 -35.0576 7.1
    endloop
  endfacet
  facet normal 0.997858 0.0654101 0
    outer loop
      vertex 55.4519 -35.0576 1.59
      vertex 55.475 -35.41 7.1
      vertex 55.475 -35.41 1.59
    endloop
  endfacet
  facet normal -0.751752 0.659446 0
    outer loop
      vertex 50.6329 -33.7663 1.6
      vertex 50.8658 -33.5008 7.1
      vertex 50.8658 -33.5008 1.6
    endloop
  endfacet
  facet normal -0.751752 0.659446 0
    outer loop
      vertex 50.8658 -33.5008 7.1
      vertex 50.6329 -33.7663 1.6
      vertex 50.6329 -33.7663 7.1
    endloop
  endfacet
  facet normal -0.659446 -0.751752 0
    outer loop
      vertex 50.8658 -37.3192 1.6
      vertex 51.1313 -37.5521 7.1
      vertex 50.8658 -37.3192 7.1
    endloop
  endfacet
  facet normal -0.659446 -0.751752 -0
    outer loop
      vertex 51.1313 -37.5521 7.1
      vertex 50.8658 -37.3192 1.6
      vertex 51.1313 -37.5521 1.6
    endloop
  endfacet
  facet normal -0.896905 -0.442224 0
    outer loop
      vertex 50.4367 -36.76 1.6
      vertex 50.2805 -36.4432 7.1
      vertex 50.2805 -36.4432 1.6
    endloop
  endfacet
  facet normal -0.896905 -0.442224 0
    outer loop
      vertex 50.2805 -36.4432 7.1
      vertex 50.4367 -36.76 1.6
      vertex 50.4367 -36.76 7.1
    endloop
  endfacet
  facet normal 0.555484 0.831527 -0
    outer loop
      vertex 54.4187 -33.2679 1.6
      vertex 54.125 -33.0717 7.1
      vertex 54.4187 -33.2679 7.1
    endloop
  endfacet
  facet normal 0.555484 0.831527 0
    outer loop
      vertex 54.125 -33.0717 7.1
      vertex 54.4187 -33.2679 1.6
      vertex 54.125 -33.0717 1.6
    endloop
  endfacet
  facet normal -0.442224 0.896905 0
    outer loop
      vertex 51.7418 -32.9155 1.6
      vertex 51.425 -33.0717 7.1
      vertex 51.7418 -32.9155 7.1
    endloop
  endfacet
  facet normal -0.442224 0.896905 0
    outer loop
      vertex 51.425 -33.0717 7.1
      vertex 51.7418 -32.9155 1.6
      vertex 51.425 -33.0717 1.6
    endloop
  endfacet
  facet normal -0.195081 0.980787 0
    outer loop
      vertex 52.4226 -32.7331 1.6
      vertex 52.0762 -32.802 7.1
      vertex 52.4226 -32.7331 7.1
    endloop
  endfacet
  facet normal -0.195081 0.980787 0
    outer loop
      vertex 52.0762 -32.802 7.1
      vertex 52.4226 -32.7331 1.6
      vertex 52.0762 -32.802 1.6
    endloop
  endfacet
  facet normal -0.946942 0.321405 0
    outer loop
      vertex 50.167 -34.7112 1.6
      vertex 50.2805 -34.3768 7.1
      vertex 50.2805 -34.3768 1.6
    endloop
  endfacet
  facet normal -0.946942 0.321405 0
    outer loop
      vertex 50.2805 -34.3768 7.1
      vertex 50.167 -34.7112 1.6
      vertex 50.167 -34.7112 7.1
    endloop
  endfacet
  facet normal -0.831527 0.555484 0
    outer loop
      vertex 50.4367 -34.06 1.6
      vertex 50.6329 -33.7663 7.1
      vertex 50.6329 -33.7663 1.6
    endloop
  endfacet
  facet normal -0.831527 0.555484 0
    outer loop
      vertex 50.6329 -33.7663 7.1
      vertex 50.4367 -34.06 1.6
      vertex 50.4367 -34.06 7.1
    endloop
  endfacet
  facet normal -0.442224 -0.896905 0
    outer loop
      vertex 51.425 -37.7483 1.6
      vertex 51.7418 -37.9045 7.1
      vertex 51.425 -37.7483 7.1
    endloop
  endfacet
  facet normal -0.442224 -0.896905 -0
    outer loop
      vertex 51.7418 -37.9045 7.1
      vertex 51.425 -37.7483 1.6
      vertex 51.7418 -37.9045 1.6
    endloop
  endfacet
  facet normal -0.555484 -0.831527 0
    outer loop
      vertex 51.1313 -37.5521 1.6
      vertex 51.425 -37.7483 7.1
      vertex 51.1313 -37.5521 7.1
    endloop
  endfacet
  facet normal -0.555484 -0.831527 -0
    outer loop
      vertex 51.425 -37.7483 7.1
      vertex 51.1313 -37.5521 1.6
      vertex 51.425 -37.7483 1.6
    endloop
  endfacet
  facet normal -0.195081 -0.980787 0
    outer loop
      vertex 52.0762 -38.018 1.6
      vertex 52.4226 -38.0869 7.1
      vertex 52.0762 -38.018 7.1
    endloop
  endfacet
  facet normal -0.195081 -0.980787 -0
    outer loop
      vertex 52.4226 -38.0869 7.1
      vertex 52.0762 -38.018 1.6
      vertex 52.4226 -38.0869 1.6
    endloop
  endfacet
  facet normal -0.751752 -0.659446 0
    outer loop
      vertex 50.8658 -37.3192 1.6
      vertex 50.6329 -37.0537 7.1
      vertex 50.6329 -37.0537 1.6
    endloop
  endfacet
  facet normal -0.751752 -0.659446 0
    outer loop
      vertex 50.6329 -37.0537 7.1
      vertex 50.8658 -37.3192 1.6
      vertex 50.8658 -37.3192 7.1
    endloop
  endfacet
  facet normal -0.980787 -0.195081 0
    outer loop
      vertex 50.167 -36.1088 1.6
      vertex 50.0981 -35.7624 7.1
      vertex 50.0981 -35.7624 1.6
    endloop
  endfacet
  facet normal -0.980787 -0.195081 0
    outer loop
      vertex 50.0981 -35.7624 7.1
      vertex 50.167 -36.1088 1.6
      vertex 50.167 -36.1088 7.1
    endloop
  endfacet
  facet normal -0.321405 0.946942 0
    outer loop
      vertex 52.0762 -32.802 1.6
      vertex 51.7418 -32.9155 7.1
      vertex 52.0762 -32.802 7.1
    endloop
  endfacet
  facet normal -0.321405 0.946942 0
    outer loop
      vertex 51.7418 -32.9155 7.1
      vertex 52.0762 -32.802 1.6
      vertex 51.7418 -32.9155 1.6
    endloop
  endfacet
  facet normal -0.659446 0.751752 0
    outer loop
      vertex 51.1313 -33.2679 1.6
      vertex 50.8658 -33.5008 7.1
      vertex 51.1313 -33.2679 7.1
    endloop
  endfacet
  facet normal -0.659446 0.751752 0
    outer loop
      vertex 50.8658 -33.5008 7.1
      vertex 51.1313 -33.2679 1.6
      vertex 50.8658 -33.5008 1.6
    endloop
  endfacet
  facet normal -0.555484 0.831527 0
    outer loop
      vertex 51.425 -33.0717 1.6
      vertex 51.1313 -33.2679 7.1
      vertex 51.425 -33.0717 7.1
    endloop
  endfacet
  facet normal -0.555484 0.831527 0
    outer loop
      vertex 51.1313 -33.2679 7.1
      vertex 51.425 -33.0717 1.6
      vertex 51.1313 -33.2679 1.6
    endloop
  endfacet
  facet normal -0.980787 0.195081 0
    outer loop
      vertex 50.0981 -35.0576 1.6
      vertex 50.167 -34.7112 7.1
      vertex 50.167 -34.7112 1.6
    endloop
  endfacet
  facet normal -0.980787 0.195081 0
    outer loop
      vertex 50.167 -34.7112 7.1
      vertex 50.0981 -35.0576 1.6
      vertex 50.0981 -35.0576 7.1
    endloop
  endfacet
  facet normal -0.997858 0.0654101 0
    outer loop
      vertex 50.075 -35.41 1.6
      vertex 50.0981 -35.0576 7.1
      vertex 50.0981 -35.0576 1.6
    endloop
  endfacet
  facet normal -0.997858 0.0654101 0
    outer loop
      vertex 50.0981 -35.0576 7.1
      vertex 50.075 -35.41 1.6
      vertex 50.075 -35.41 7.1
    endloop
  endfacet
  facet normal 0 0 -1
    outer loop
      vertex 55.4519 -35.7624 1.59
      vertex 55.4519 -35.0576 1.59
      vertex 55.475 -35.41 1.59
    endloop
  endfacet
  facet normal 0 0 -1
    outer loop
      vertex 55.295 -36.368 1.59
      vertex 55.4519 -35.7624 1.59
      vertex 55.383 -36.1088 1.59
    endloop
  endfacet
  facet normal -0 0 -1
    outer loop
      vertex 55.4519 -35.7624 1.59
      vertex 55.295 -36.368 1.59
      vertex 55.4519 -35.0576 1.59
    endloop
  endfacet
  facet normal 0 0 -1
    outer loop
      vertex 55.295 -34.452 1.59
      vertex 55.4519 -35.0576 1.59
      vertex 55.295 -36.368 1.59
    endloop
  endfacet
  facet normal 0 0 -1
    outer loop
      vertex 55.4519 -35.0576 1.59
      vertex 55.295 -34.452 1.59
      vertex 55.383 -34.7112 1.59
    endloop
  endfacet
  facet normal -0.321405 -0.946942 0
    outer loop
      vertex 51.7418 -37.9045 1.6
      vertex 52.0762 -38.018 7.1
      vertex 51.7418 -37.9045 7.1
    endloop
  endfacet
  facet normal -0.321405 -0.946942 -0
    outer loop
      vertex 52.0762 -38.018 7.1
      vertex 51.7418 -37.9045 1.6
      vertex 52.0762 -38.018 1.6
    endloop
  endfacet
  facet normal -0.0654101 -0.997858 0
    outer loop
      vertex 52.4226 -38.0869 1.6
      vertex 52.775 -38.11 7.1
      vertex 52.4226 -38.0869 7.1
    endloop
  endfacet
  facet normal -0.0654101 -0.997858 -0
    outer loop
      vertex 52.775 -38.11 7.1
      vertex 52.4226 -38.0869 1.6
      vertex 52.775 -38.11 1.6
    endloop
  endfacet
  facet normal 0 0 1
    outer loop
      vertex 53.675 -35.41 7.1
      vertex 55.475 -35.41 7.1
      vertex 55.4519 -35.0576 7.1
    endloop
  endfacet
  facet normal 0 0 1
    outer loop
      vertex 53.6673 -35.2925 7.1
      vertex 55.4519 -35.0576 7.1
      vertex 55.383 -34.7112 7.1
    endloop
  endfacet
  facet normal 0 0 1
    outer loop
      vertex 55.475 -35.41 7.1
      vertex 53.675 -35.41 7.1
      vertex 55.4519 -35.7624 7.1
    endloop
  endfacet
  facet normal 0 0 1
    outer loop
      vertex 53.6443 -35.1771 7.1
      vertex 55.383 -34.7112 7.1
      vertex 55.2695 -34.3768 7.1
    endloop
  endfacet
  facet normal -0 0 1
    outer loop
      vertex 53.6673 -35.5275 7.1
      vertex 55.4519 -35.7624 7.1
      vertex 53.675 -35.41 7.1
    endloop
  endfacet
  facet normal 0 0 1
    outer loop
      vertex 53.6065 -35.0656 7.1
      vertex 55.2695 -34.3768 7.1
      vertex 55.1133 -34.06 7.1
    endloop
  endfacet
  facet normal 0 0 1
    outer loop
      vertex 55.4519 -35.7624 7.1
      vertex 53.6673 -35.5275 7.1
      vertex 55.383 -36.1088 7.1
    endloop
  endfacet
  facet normal 0 0 1
    outer loop
      vertex 53.5544 -34.96 7.1
      vertex 55.1133 -34.06 7.1
      vertex 54.9171 -33.7663 7.1
    endloop
  endfacet
  facet normal -0 0 1
    outer loop
      vertex 53.6443 -35.6429 7.1
      vertex 55.383 -36.1088 7.1
      vertex 53.6673 -35.5275 7.1
    endloop
  endfacet
  facet normal 0 0 1
    outer loop
      vertex 53.489 -34.8621 7.1
      vertex 54.9171 -33.7663 7.1
      vertex 54.6842 -33.5008 7.1
    endloop
  endfacet
  facet normal 0 0 1
    outer loop
      vertex 55.383 -36.1088 7.1
      vertex 53.6443 -35.6429 7.1
      vertex 55.2695 -36.4432 7.1
    endloop
  endfacet
  facet normal 0 0 1
    outer loop
      vertex 53.4114 -34.7736 7.1
      vertex 54.6842 -33.5008 7.1
      vertex 54.4187 -33.2679 7.1
    endloop
  endfacet
  facet normal -0 0 1
    outer loop
      vertex 53.6065 -35.7544 7.1
      vertex 55.2695 -36.4432 7.1
      vertex 53.6443 -35.6429 7.1
    endloop
  endfacet
  facet normal 0 0 1
    outer loop
      vertex 53.3229 -34.696 7.1
      vertex 54.4187 -33.2679 7.1
      vertex 54.125 -33.0717 7.1
    endloop
  endfacet
  facet normal 0 0 1
    outer loop
      vertex 55.2695 -36.4432 7.1
      vertex 53.6065 -35.7544 7.1
      vertex 55.1133 -36.76 7.1
    endloop
  endfacet
  facet normal 0 0 1
    outer loop
      vertex 53.225 -34.6306 7.1
      vertex 54.125 -33.0717 7.1
      vertex 53.8082 -32.9155 7.1
    endloop
  endfacet
  facet normal -0 0 1
    outer loop
      vertex 53.5544 -35.86 7.1
      vertex 55.1133 -36.76 7.1
      vertex 53.6065 -35.7544 7.1
    endloop
  endfacet
  facet normal 0 0 1
    outer loop
      vertex 55.1133 -36.76 7.1
      vertex 53.5544 -35.86 7.1
      vertex 54.9171 -37.0537 7.1
    endloop
  endfacet
  facet normal 0 0 1
    outer loop
      vertex 55.4519 -35.0576 7.1
      vertex 53.6673 -35.2925 7.1
      vertex 53.675 -35.41 7.1
    endloop
  endfacet
  facet normal 0 0 1
    outer loop
      vertex 55.383 -34.7112 7.1
      vertex 53.6443 -35.1771 7.1
      vertex 53.6673 -35.2925 7.1
    endloop
  endfacet
  facet normal 0 0 1
    outer loop
      vertex 55.2695 -34.3768 7.1
      vertex 53.6065 -35.0656 7.1
      vertex 53.6443 -35.1771 7.1
    endloop
  endfacet
  facet normal 0 0 1
    outer loop
      vertex 55.1133 -34.06 7.1
      vertex 53.5544 -34.96 7.1
      vertex 53.6065 -35.0656 7.1
    endloop
  endfacet
  facet normal 0 0 1
    outer loop
      vertex 54.9171 -33.7663 7.1
      vertex 53.489 -34.8621 7.1
      vertex 53.5544 -34.96 7.1
    endloop
  endfacet
  facet normal 0 0 1
    outer loop
      vertex 53.1194 -34.5785 7.1
      vertex 53.8082 -32.9155 7.1
      vertex 53.4738 -32.802 7.1
    endloop
  endfacet
  facet normal 0 0 1
    outer loop
      vertex 54.6842 -33.5008 7.1
      vertex 53.4114 -34.7736 7.1
      vertex 53.489 -34.8621 7.1
    endloop
  endfacet
  facet normal 0 0 1
    outer loop
      vertex 54.4187 -33.2679 7.1
      vertex 53.3229 -34.696 7.1
      vertex 53.4114 -34.7736 7.1
    endloop
  endfacet
  facet normal 0 0 1
    outer loop
      vertex 54.125 -33.0717 7.1
      vertex 53.225 -34.6306 7.1
      vertex 53.3229 -34.696 7.1
    endloop
  endfacet
  facet normal 0 0 1
    outer loop
      vertex 53.0079 -34.5407 7.1
      vertex 53.4738 -32.802 7.1
      vertex 53.1274 -32.7331 7.1
    endloop
  endfacet
  facet normal 0 0 1
    outer loop
      vertex 53.8082 -32.9155 7.1
      vertex 53.1194 -34.5785 7.1
      vertex 53.225 -34.6306 7.1
    endloop
  endfacet
  facet normal 0 0 1
    outer loop
      vertex 53.4738 -32.802 7.1
      vertex 53.0079 -34.5407 7.1
      vertex 53.1194 -34.5785 7.1
    endloop
  endfacet
  facet normal 0 0 1
    outer loop
      vertex 53.1274 -32.7331 7.1
      vertex 52.8925 -34.5177 7.1
      vertex 53.0079 -34.5407 7.1
    endloop
  endfacet
  facet normal 0 0 1
    outer loop
      vertex 52.775 -32.71 7.1
      vertex 52.8925 -34.5177 7.1
      vertex 53.1274 -32.7331 7.1
    endloop
  endfacet
  facet normal 0 0 1
    outer loop
      vertex 52.775 -32.71 7.1
      vertex 52.775 -34.51 7.1
      vertex 52.8925 -34.5177 7.1
    endloop
  endfacet
  facet normal 0 0 1
    outer loop
      vertex 52.775 -32.71 7.1
      vertex 52.6575 -34.5177 7.1
      vertex 52.775 -34.51 7.1
    endloop
  endfacet
  facet normal -0 0 1
    outer loop
      vertex 52.4226 -32.7331 7.1
      vertex 52.6575 -34.5177 7.1
      vertex 52.775 -32.71 7.1
    endloop
  endfacet
  facet normal 0 0 1
    outer loop
      vertex 52.6575 -34.5177 7.1
      vertex 52.4226 -32.7331 7.1
      vertex 52.5421 -34.5407 7.1
    endloop
  endfacet
  facet normal -0 0 1
    outer loop
      vertex 52.0762 -32.802 7.1
      vertex 52.5421 -34.5407 7.1
      vertex 52.4226 -32.7331 7.1
    endloop
  endfacet
  facet normal 0 0 1
    outer loop
      vertex 52.5421 -34.5407 7.1
      vertex 52.0762 -32.802 7.1
      vertex 52.4306 -34.5785 7.1
    endloop
  endfacet
  facet normal -0 0 1
    outer loop
      vertex 51.7418 -32.9155 7.1
      vertex 52.4306 -34.5785 7.1
      vertex 52.0762 -32.802 7.1
    endloop
  endfacet
  facet normal 0 0 1
    outer loop
      vertex 52.4306 -34.5785 7.1
      vertex 51.7418 -32.9155 7.1
      vertex 52.325 -34.6306 7.1
    endloop
  endfacet
  facet normal -0 0 1
    outer loop
      vertex 51.425 -33.0717 7.1
      vertex 52.325 -34.6306 7.1
      vertex 51.7418 -32.9155 7.1
    endloop
  endfacet
  facet normal 0 0 1
    outer loop
      vertex 52.325 -34.6306 7.1
      vertex 51.425 -33.0717 7.1
      vertex 52.2271 -34.696 7.1
    endloop
  endfacet
  facet normal -0 0 1
    outer loop
      vertex 51.1313 -33.2679 7.1
      vertex 52.2271 -34.696 7.1
      vertex 51.425 -33.0717 7.1
    endloop
  endfacet
  facet normal 0 0 1
    outer loop
      vertex 52.2271 -34.696 7.1
      vertex 51.1313 -33.2679 7.1
      vertex 52.1386 -34.7736 7.1
    endloop
  endfacet
  facet normal -0 0 1
    outer loop
      vertex 50.8658 -33.5008 7.1
      vertex 52.1386 -34.7736 7.1
      vertex 51.1313 -33.2679 7.1
    endloop
  endfacet
  facet normal 0 0 1
    outer loop
      vertex 52.1386 -34.7736 7.1
      vertex 50.8658 -33.5008 7.1
      vertex 52.061 -34.8621 7.1
    endloop
  endfacet
  facet normal 0 0 1
    outer loop
      vertex 52.061 -34.8621 7.1
      vertex 50.6329 -33.7663 7.1
      vertex 51.9956 -34.96 7.1
    endloop
  endfacet
  facet normal -0 0 1
    outer loop
      vertex 50.6329 -33.7663 7.1
      vertex 52.061 -34.8621 7.1
      vertex 50.8658 -33.5008 7.1
    endloop
  endfacet
  facet normal -0 0 1
    outer loop
      vertex 53.489 -35.9579 7.1
      vertex 54.9171 -37.0537 7.1
      vertex 53.5544 -35.86 7.1
    endloop
  endfacet
  facet normal 0 0 1
    outer loop
      vertex 54.9171 -37.0537 7.1
      vertex 53.489 -35.9579 7.1
      vertex 54.6842 -37.3192 7.1
    endloop
  endfacet
  facet normal -0 0 1
    outer loop
      vertex 53.4114 -36.0464 7.1
      vertex 54.6842 -37.3192 7.1
      vertex 53.489 -35.9579 7.1
    endloop
  endfacet
  facet normal 0 0 1
    outer loop
      vertex 54.6842 -37.3192 7.1
      vertex 53.4114 -36.0464 7.1
      vertex 54.4187 -37.5521 7.1
    endloop
  endfacet
  facet normal -0 0 1
    outer loop
      vertex 53.3229 -36.124 7.1
      vertex 54.4187 -37.5521 7.1
      vertex 53.4114 -36.0464 7.1
    endloop
  endfacet
  facet normal 0 0 1
    outer loop
      vertex 54.4187 -37.5521 7.1
      vertex 53.3229 -36.124 7.1
      vertex 54.125 -37.7483 7.1
    endloop
  endfacet
  facet normal -0 0 1
    outer loop
      vertex 53.225 -36.1894 7.1
      vertex 54.125 -37.7483 7.1
      vertex 53.3229 -36.124 7.1
    endloop
  endfacet
  facet normal 0 0 1
    outer loop
      vertex 54.125 -37.7483 7.1
      vertex 53.225 -36.1894 7.1
      vertex 53.8082 -37.9045 7.1
    endloop
  endfacet
  facet normal -0 0 1
    outer loop
      vertex 53.1194 -36.2415 7.1
      vertex 53.8082 -37.9045 7.1
      vertex 53.225 -36.1894 7.1
    endloop
  endfacet
  facet normal 0 0 1
    outer loop
      vertex 53.8082 -37.9045 7.1
      vertex 53.1194 -36.2415 7.1
      vertex 53.4738 -38.018 7.1
    endloop
  endfacet
  facet normal -0 0 1
    outer loop
      vertex 53.0079 -36.2793 7.1
      vertex 53.4738 -38.018 7.1
      vertex 53.1194 -36.2415 7.1
    endloop
  endfacet
  facet normal 0 0 1
    outer loop
      vertex 53.4738 -38.018 7.1
      vertex 53.0079 -36.2793 7.1
      vertex 53.1274 -38.0869 7.1
    endloop
  endfacet
  facet normal -0 0 1
    outer loop
      vertex 52.8925 -36.3023 7.1
      vertex 53.1274 -38.0869 7.1
      vertex 53.0079 -36.2793 7.1
    endloop
  endfacet
  facet normal -0 0 1
    outer loop
      vertex 52.775 -36.31 7.1
      vertex 53.1274 -38.0869 7.1
      vertex 52.8925 -36.3023 7.1
    endloop
  endfacet
  facet normal 0 0 1
    outer loop
      vertex 52.775 -36.31 7.1
      vertex 52.775 -38.11 7.1
      vertex 53.1274 -38.0869 7.1
    endloop
  endfacet
  facet normal 0 0 1
    outer loop
      vertex 52.6575 -36.3023 7.1
      vertex 52.775 -38.11 7.1
      vertex 52.775 -36.31 7.1
    endloop
  endfacet
  facet normal 0 0 1
    outer loop
      vertex 52.4226 -38.0869 7.1
      vertex 52.6575 -36.3023 7.1
      vertex 52.5421 -36.2793 7.1
    endloop
  endfacet
  facet normal 0 0 1
    outer loop
      vertex 52.0762 -38.018 7.1
      vertex 52.5421 -36.2793 7.1
      vertex 52.4306 -36.2415 7.1
    endloop
  endfacet
  facet normal 0 0 1
    outer loop
      vertex 52.6575 -36.3023 7.1
      vertex 52.4226 -38.0869 7.1
      vertex 52.775 -38.11 7.1
    endloop
  endfacet
  facet normal 0 0 1
    outer loop
      vertex 51.7418 -37.9045 7.1
      vertex 52.4306 -36.2415 7.1
      vertex 52.325 -36.1894 7.1
    endloop
  endfacet
  facet normal 0 0 1
    outer loop
      vertex 51.425 -37.7483 7.1
      vertex 52.325 -36.1894 7.1
      vertex 52.2271 -36.124 7.1
    endloop
  endfacet
  facet normal 0 0 1
    outer loop
      vertex 51.1313 -37.5521 7.1
      vertex 52.2271 -36.124 7.1
      vertex 52.1386 -36.0464 7.1
    endloop
  endfacet
  facet normal 0 0 1
    outer loop
      vertex 52.5421 -36.2793 7.1
      vertex 52.0762 -38.018 7.1
      vertex 52.4226 -38.0869 7.1
    endloop
  endfacet
  facet normal 0 0 1
    outer loop
      vertex 50.8658 -37.3192 7.1
      vertex 52.1386 -36.0464 7.1
      vertex 52.061 -35.9579 7.1
    endloop
  endfacet
  facet normal 0 0 1
    outer loop
      vertex 50.6329 -37.0537 7.1
      vertex 52.061 -35.9579 7.1
      vertex 51.9956 -35.86 7.1
    endloop
  endfacet
  facet normal 0 0 1
    outer loop
      vertex 50.4367 -36.76 7.1
      vertex 51.9956 -35.86 7.1
      vertex 51.9435 -35.7544 7.1
    endloop
  endfacet
  facet normal 0 0 1
    outer loop
      vertex 50.2805 -36.4432 7.1
      vertex 51.9435 -35.7544 7.1
      vertex 51.9057 -35.6429 7.1
    endloop
  endfacet
  facet normal 0 0 1
    outer loop
      vertex 50.167 -36.1088 7.1
      vertex 51.9057 -35.6429 7.1
      vertex 51.8827 -35.5275 7.1
    endloop
  endfacet
  facet normal 0 0 1
    outer loop
      vertex 52.4306 -36.2415 7.1
      vertex 51.7418 -37.9045 7.1
      vertex 52.0762 -38.018 7.1
    endloop
  endfacet
  facet normal 0 0 1
    outer loop
      vertex 50.0981 -35.7624 7.1
      vertex 51.8827 -35.5275 7.1
      vertex 51.875 -35.41 7.1
    endloop
  endfacet
  facet normal -0 0 1
    outer loop
      vertex 50.4367 -34.06 7.1
      vertex 51.9956 -34.96 7.1
      vertex 50.6329 -33.7663 7.1
    endloop
  endfacet
  facet normal 0 0 1
    outer loop
      vertex 51.9956 -34.96 7.1
      vertex 50.4367 -34.06 7.1
      vertex 51.9435 -35.0656 7.1
    endloop
  endfacet
  facet normal 0 0 1
    outer loop
      vertex 52.325 -36.1894 7.1
      vertex 51.425 -37.7483 7.1
      vertex 51.7418 -37.9045 7.1
    endloop
  endfacet
  facet normal -0 0 1
    outer loop
      vertex 50.2805 -34.3768 7.1
      vertex 51.9435 -35.0656 7.1
      vertex 50.4367 -34.06 7.1
    endloop
  endfacet
  facet normal 0 0 1
    outer loop
      vertex 52.2271 -36.124 7.1
      vertex 51.1313 -37.5521 7.1
      vertex 51.425 -37.7483 7.1
    endloop
  endfacet
  facet normal 0 0 1
    outer loop
      vertex 51.9435 -35.0656 7.1
      vertex 50.2805 -34.3768 7.1
      vertex 51.9057 -35.1771 7.1
    endloop
  endfacet
  facet normal 0 0 1
    outer loop
      vertex 52.1386 -36.0464 7.1
      vertex 50.8658 -37.3192 7.1
      vertex 51.1313 -37.5521 7.1
    endloop
  endfacet
  facet normal -0 0 1
    outer loop
      vertex 50.167 -34.7112 7.1
      vertex 51.9057 -35.1771 7.1
      vertex 50.2805 -34.3768 7.1
    endloop
  endfacet
  facet normal 0 0 1
    outer loop
      vertex 52.061 -35.9579 7.1
      vertex 50.6329 -37.0537 7.1
      vertex 50.8658 -37.3192 7.1
    endloop
  endfacet
  facet normal 0 0 1
    outer loop
      vertex 51.9057 -35.1771 7.1
      vertex 50.167 -34.7112 7.1
      vertex 51.8827 -35.2925 7.1
    endloop
  endfacet
  facet normal 0 0 1
    outer loop
      vertex 51.9956 -35.86 7.1
      vertex 50.4367 -36.76 7.1
      vertex 50.6329 -37.0537 7.1
    endloop
  endfacet
  facet normal -0 0 1
    outer loop
      vertex 50.0981 -35.0576 7.1
      vertex 51.8827 -35.2925 7.1
      vertex 50.167 -34.7112 7.1
    endloop
  endfacet
  facet normal 0 0 1
    outer loop
      vertex 51.9435 -35.7544 7.1
      vertex 50.2805 -36.4432 7.1
      vertex 50.4367 -36.76 7.1
    endloop
  endfacet
  facet normal 0 0 1
    outer loop
      vertex 51.8827 -35.2925 7.1
      vertex 50.0981 -35.0576 7.1
      vertex 51.875 -35.41 7.1
    endloop
  endfacet
  facet normal 0 0 1
    outer loop
      vertex 51.9057 -35.6429 7.1
      vertex 50.167 -36.1088 7.1
      vertex 50.2805 -36.4432 7.1
    endloop
  endfacet
  facet normal 0 0 1
    outer loop
      vertex 50.075 -35.41 7.1
      vertex 51.875 -35.41 7.1
      vertex 50.0981 -35.0576 7.1
    endloop
  endfacet
  facet normal 0 0 1
    outer loop
      vertex 51.8827 -35.5275 7.1
      vertex 50.0981 -35.7624 7.1
      vertex 50.167 -36.1088 7.1
    endloop
  endfacet
  facet normal 0 0 1
    outer loop
      vertex 51.875 -35.41 7.1
      vertex 50.075 -35.41 7.1
      vertex 50.0981 -35.7624 7.1
    endloop
  endfacet
  facet normal 0.0654101 0.997858 -0
    outer loop
      vertex 53.1274 -32.7331 1.6
      vertex 52.775 -32.71 7.1
      vertex 53.1274 -32.7331 7.1
    endloop
  endfacet
  facet normal 0.0654101 0.997858 0
    outer loop
      vertex 52.775 -32.71 7.1
      vertex 53.1274 -32.7331 1.6
      vertex 52.775 -32.71 1.6
    endloop
  endfacet
  facet normal 0.659446 0.751752 -0
    outer loop
      vertex 54.6842 -33.5008 1.6
      vertex 54.4187 -33.2679 7.1
      vertex 54.6842 -33.5008 7.1
    endloop
  endfacet
  facet normal 0.659446 0.751752 0
    outer loop
      vertex 54.4187 -33.2679 7.1
      vertex 54.6842 -33.5008 1.6
      vertex 54.4187 -33.2679 1.6
    endloop
  endfacet
  facet normal 0.195081 0.980787 -0
    outer loop
      vertex 53.4738 -32.802 1.6
      vertex 53.1274 -32.7331 7.1
      vertex 53.4738 -32.802 7.1
    endloop
  endfacet
  facet normal 0.195081 0.980787 0
    outer loop
      vertex 53.1274 -32.7331 7.1
      vertex 53.4738 -32.802 1.6
      vertex 53.1274 -32.7331 1.6
    endloop
  endfacet
  facet normal 0.946915 -0.321484 0
    outer loop
      vertex 55.383 -36.1088 7.1
      vertex 55.295 -36.368 1.6
      vertex 55.383 -36.1088 1.59
    endloop
  endfacet
  facet normal 0.946942 -0.321405 -4.11893e-06
    outer loop
      vertex 55.2695 -36.4432 7.1
      vertex 55.295 -36.368 1.6
      vertex 55.383 -36.1088 7.1
    endloop
  endfacet
  facet normal 0.947033 -0.321135 0
    outer loop
      vertex 55.295 -36.368 1.6
      vertex 55.2695 -36.4432 7.1
      vertex 55.2695 -36.4432 1.6
    endloop
  endfacet
  facet normal 0.946915 -0.321484 0
    outer loop
      vertex 55.383 -36.1088 1.59
      vertex 55.295 -36.368 1.6
      vertex 55.295 -36.368 1.59
    endloop
  endfacet
  facet normal 0.896905 0.442224 0
    outer loop
      vertex 55.2695 -34.3768 7.1
      vertex 55.1133 -34.06 1.6
      vertex 55.1133 -34.06 7.1
    endloop
  endfacet
  facet normal 0.896905 0.442224 0
    outer loop
      vertex 55.1133 -34.06 1.6
      vertex 55.2695 -34.3768 7.1
      vertex 55.2695 -34.3768 1.6
    endloop
  endfacet
  facet normal -0.896905 0.442224 0
    outer loop
      vertex 50.2805 -34.3768 1.6
      vertex 50.4367 -34.06 7.1
      vertex 50.4367 -34.06 1.6
    endloop
  endfacet
  facet normal -0.896905 0.442224 0
    outer loop
      vertex 50.4367 -34.06 7.1
      vertex 50.2805 -34.3768 1.6
      vertex 50.2805 -34.3768 7.1
    endloop
  endfacet
  facet normal 0.0654101 -0.997858 0
    outer loop
      vertex 52.775 -38.11 1.6
      vertex 53.1274 -38.0869 7.1
      vertex 52.775 -38.11 7.1
    endloop
  endfacet
  facet normal 0.0654101 -0.997858 0
    outer loop
      vertex 53.1274 -38.0869 7.1
      vertex 52.775 -38.11 1.6
      vertex 53.1274 -38.0869 1.6
    endloop
  endfacet
  facet normal -0.831527 -0.555484 0
    outer loop
      vertex 50.6329 -37.0537 1.6
      vertex 50.4367 -36.76 7.1
      vertex 50.4367 -36.76 1.6
    endloop
  endfacet
  facet normal -0.831527 -0.555484 0
    outer loop
      vertex 50.4367 -36.76 7.1
      vertex 50.6329 -37.0537 1.6
      vertex 50.6329 -37.0537 7.1
    endloop
  endfacet
  facet normal -0.946942 -0.321405 0
    outer loop
      vertex 50.2805 -36.4432 1.6
      vertex 50.167 -36.1088 7.1
      vertex 50.167 -36.1088 1.6
    endloop
  endfacet
  facet normal -0.946942 -0.321405 0
    outer loop
      vertex 50.167 -36.1088 7.1
      vertex 50.2805 -36.4432 1.6
      vertex 50.2805 -36.4432 7.1
    endloop
  endfacet
  facet normal 0.831527 0.555484 0
    outer loop
      vertex 55.1133 -34.06 7.1
      vertex 54.9171 -33.7663 1.6
      vertex 54.9171 -33.7663 7.1
    endloop
  endfacet
  facet normal 0.831527 0.555484 0
    outer loop
      vertex 54.9171 -33.7663 1.6
      vertex 55.1133 -34.06 7.1
      vertex 55.1133 -34.06 1.6
    endloop
  endfacet
  facet normal 0.442224 0.896905 -0
    outer loop
      vertex 54.125 -33.0717 1.6
      vertex 53.8082 -32.9155 7.1
      vertex 54.125 -33.0717 7.1
    endloop
  endfacet
  facet normal 0.442224 0.896905 0
    outer loop
      vertex 53.8082 -32.9155 7.1
      vertex 54.125 -33.0717 1.6
      vertex 53.8082 -32.9155 1.6
    endloop
  endfacet
  facet normal 0.659446 -0.751752 0
    outer loop
      vertex 54.4187 -37.5521 1.6
      vertex 54.6842 -37.3192 7.1
      vertex 54.4187 -37.5521 7.1
    endloop
  endfacet
  facet normal 0.659446 -0.751752 0
    outer loop
      vertex 54.6842 -37.3192 7.1
      vertex 54.4187 -37.5521 1.6
      vertex 54.6842 -37.3192 1.6
    endloop
  endfacet
  facet normal 0.555484 -0.831527 0
    outer loop
      vertex 54.125 -37.7483 1.6
      vertex 54.4187 -37.5521 7.1
      vertex 54.125 -37.7483 7.1
    endloop
  endfacet
  facet normal 0.555484 -0.831527 0
    outer loop
      vertex 54.4187 -37.5521 7.1
      vertex 54.125 -37.7483 1.6
      vertex 54.4187 -37.5521 1.6
    endloop
  endfacet
  facet normal 0.442224 -0.896905 0
    outer loop
      vertex 53.8082 -37.9045 1.6
      vertex 54.125 -37.7483 7.1
      vertex 53.8082 -37.9045 7.1
    endloop
  endfacet
  facet normal 0.442224 -0.896905 0
    outer loop
      vertex 54.125 -37.7483 7.1
      vertex 53.8082 -37.9045 1.6
      vertex 54.125 -37.7483 1.6
    endloop
  endfacet
  facet normal 0.947033 0.321135 0
    outer loop
      vertex 55.2695 -34.3768 7.1
      vertex 55.295 -34.452 1.6
      vertex 55.2695 -34.3768 1.6
    endloop
  endfacet
  facet normal 0.946942 0.321405 -4.11893e-06
    outer loop
      vertex 55.383 -34.7112 7.1
      vertex 55.295 -34.452 1.6
      vertex 55.2695 -34.3768 7.1
    endloop
  endfacet
  facet normal 0.946915 0.321484 -0
    outer loop
      vertex 55.383 -34.7112 1.59
      vertex 55.295 -34.452 1.6
      vertex 55.383 -34.7112 7.1
    endloop
  endfacet
  facet normal 0.946915 0.321484 0
    outer loop
      vertex 55.295 -34.452 1.6
      vertex 55.383 -34.7112 1.59
      vertex 55.295 -34.452 1.59
    endloop
  endfacet
  facet normal 0.980787 0.195081 0
    outer loop
      vertex 55.4519 -35.0576 7.1
      vertex 55.383 -34.7112 1.59
      vertex 55.383 -34.7112 7.1
    endloop
  endfacet
  facet normal 0.980787 0.195081 0
    outer loop
      vertex 55.383 -34.7112 1.59
      vertex 55.4519 -35.0576 7.1
      vertex 55.4519 -35.0576 1.59
    endloop
  endfacet
  facet normal 0.751752 0.659446 0
    outer loop
      vertex 54.9171 -33.7663 7.1
      vertex 54.6842 -33.5008 1.6
      vertex 54.6842 -33.5008 7.1
    endloop
  endfacet
  facet normal 0.751752 0.659446 0
    outer loop
      vertex 54.6842 -33.5008 1.6
      vertex 54.9171 -33.7663 7.1
      vertex 54.9171 -33.7663 1.6
    endloop
  endfacet
  facet normal 0.321405 0.946942 -0
    outer loop
      vertex 53.8082 -32.9155 1.6
      vertex 53.4738 -32.802 7.1
      vertex 53.8082 -32.9155 7.1
    endloop
  endfacet
  facet normal 0.321405 0.946942 0
    outer loop
      vertex 53.4738 -32.802 7.1
      vertex 53.8082 -32.9155 1.6
      vertex 53.4738 -32.802 1.6
    endloop
  endfacet
  facet normal 0.896905 -0.442224 0
    outer loop
      vertex 55.1133 -36.76 7.1
      vertex 55.2695 -36.4432 1.6
      vertex 55.2695 -36.4432 7.1
    endloop
  endfacet
  facet normal 0.896905 -0.442224 0
    outer loop
      vertex 55.2695 -36.4432 1.6
      vertex 55.1133 -36.76 7.1
      vertex 55.1133 -36.76 1.6
    endloop
  endfacet
  facet normal 0.980787 -0.195081 0
    outer loop
      vertex 55.383 -36.1088 7.1
      vertex 55.4519 -35.7624 1.59
      vertex 55.4519 -35.7624 7.1
    endloop
  endfacet
  facet normal 0.980787 -0.195081 0
    outer loop
      vertex 55.4519 -35.7624 1.59
      vertex 55.383 -36.1088 7.1
      vertex 55.383 -36.1088 1.59
    endloop
  endfacet
  facet normal 0.751752 -0.659446 0
    outer loop
      vertex 54.6842 -37.3192 7.1
      vertex 54.9171 -37.0537 1.6
      vertex 54.9171 -37.0537 7.1
    endloop
  endfacet
  facet normal 0.751752 -0.659446 0
    outer loop
      vertex 54.9171 -37.0537 1.6
      vertex 54.6842 -37.3192 7.1
      vertex 54.6842 -37.3192 1.6
    endloop
  endfacet
  facet normal 0.321405 -0.946942 0
    outer loop
      vertex 53.4738 -38.018 1.6
      vertex 53.8082 -37.9045 7.1
      vertex 53.4738 -38.018 7.1
    endloop
  endfacet
  facet normal 0.321405 -0.946942 0
    outer loop
      vertex 53.8082 -37.9045 7.1
      vertex 53.4738 -38.018 1.6
      vertex 53.8082 -37.9045 1.6
    endloop
  endfacet
  facet normal 0.195081 -0.980787 0
    outer loop
      vertex 53.1274 -38.0869 1.6
      vertex 53.4738 -38.018 7.1
      vertex 53.1274 -38.0869 7.1
    endloop
  endfacet
  facet normal 0.195081 -0.980787 0
    outer loop
      vertex 53.4738 -38.018 7.1
      vertex 53.1274 -38.0869 1.6
      vertex 53.4738 -38.018 1.6
    endloop
  endfacet
  facet normal 0.831527 -0.555484 0
    outer loop
      vertex 54.9171 -37.0537 7.1
      vertex 55.1133 -36.76 1.6
      vertex 55.1133 -36.76 7.1
    endloop
  endfacet
  facet normal 0.831527 -0.555484 0
    outer loop
      vertex 55.1133 -36.76 1.6
      vertex 54.9171 -37.0537 7.1
      vertex 54.9171 -37.0537 1.6
    endloop
  endfacet
  facet normal 0.997858 -0.0654101 0
    outer loop
      vertex 55.4519 -35.7624 7.1
      vertex 55.475 -35.41 1.59
      vertex 55.475 -35.41 7.1
    endloop
  endfacet
  facet normal 0.997858 -0.0654101 0
    outer loop
      vertex 55.475 -35.41 1.59
      vertex 55.4519 -35.7624 7.1
      vertex 55.4519 -35.7624 1.59
    endloop
  endfacet
  facet normal -0.195081 -0.980787 0
    outer loop
      vertex -53.4738 -38.018 1.6
      vertex -53.1274 -38.0869 7.1
      vertex -53.4738 -38.018 7.1
    endloop
  endfacet
  facet normal -0.195081 -0.980787 -0
    outer loop
      vertex -53.1274 -38.0869 7.1
      vertex -53.4738 -38.018 1.6
      vertex -53.1274 -38.0869 1.6
    endloop
  endfacet
  facet normal -0.555484 0.831527 0
    outer loop
      vertex -54.125 -33.0717 1.6
      vertex -54.4187 -33.2679 7.1
      vertex -54.125 -33.0717 7.1
    endloop
  endfacet
  facet normal -0.555484 0.831527 0
    outer loop
      vertex -54.4187 -33.2679 7.1
      vertex -54.125 -33.0717 1.6
      vertex -54.4187 -33.2679 1.6
    endloop
  endfacet
  facet normal -0.946915 0.321484 0
    outer loop
      vertex -55.295 -34.452 1.59
      vertex -55.383 -34.7112 1.59
      vertex -55.295 -34.452 1.6
    endloop
  endfacet
  facet normal -0.947033 0.321135 0
    outer loop
      vertex -55.295 -34.452 1.6
      vertex -55.2695 -34.3768 7.1
      vertex -55.2695 -34.3768 1.6
    endloop
  endfacet
  facet normal -0.946915 0.321484 0
    outer loop
      vertex -55.383 -34.7112 7.1
      vertex -55.295 -34.452 1.6
      vertex -55.383 -34.7112 1.59
    endloop
  endfacet
  facet normal -0.946942 0.321405 -4.11893e-06
    outer loop
      vertex -55.295 -34.452 1.6
      vertex -55.383 -34.7112 7.1
      vertex -55.2695 -34.3768 7.1
    endloop
  endfacet
  facet normal -0.896905 -0.442224 0
    outer loop
      vertex -55.1133 -36.76 1.6
      vertex -55.2695 -36.4432 7.1
      vertex -55.2695 -36.4432 1.6
    endloop
  endfacet
  facet normal -0.896905 -0.442224 0
    outer loop
      vertex -55.2695 -36.4432 7.1
      vertex -55.1133 -36.76 1.6
      vertex -55.1133 -36.76 7.1
    endloop
  endfacet
  facet normal -0.321405 -0.946942 0
    outer loop
      vertex -53.8082 -37.9045 1.6
      vertex -53.4738 -38.018 7.1
      vertex -53.8082 -37.9045 7.1
    endloop
  endfacet
  facet normal -0.321405 -0.946942 -0
    outer loop
      vertex -53.4738 -38.018 7.1
      vertex -53.8082 -37.9045 1.6
      vertex -53.4738 -38.018 1.6
    endloop
  endfacet
  facet normal 0.0654101 0.997858 -0
    outer loop
      vertex -52.4226 -32.7331 1.6
      vertex -52.775 -32.71 7.1
      vertex -52.4226 -32.7331 7.1
    endloop
  endfacet
  facet normal 0.0654101 0.997858 0
    outer loop
      vertex -52.775 -32.71 7.1
      vertex -52.4226 -32.7331 1.6
      vertex -52.775 -32.71 1.6
    endloop
  endfacet
  facet normal 0.896905 0.442224 0
    outer loop
      vertex -50.2805 -34.3768 7.1
      vertex -50.4367 -34.06 1.6
      vertex -50.4367 -34.06 7.1
    endloop
  endfacet
  facet normal 0.896905 0.442224 0
    outer loop
      vertex -50.4367 -34.06 1.6
      vertex -50.2805 -34.3768 7.1
      vertex -50.2805 -34.3768 1.6
    endloop
  endfacet
  facet normal -0.751752 0.659446 0
    outer loop
      vertex -54.9171 -33.7663 1.6
      vertex -54.6842 -33.5008 7.1
      vertex -54.6842 -33.5008 1.6
    endloop
  endfacet
  facet normal -0.751752 0.659446 0
    outer loop
      vertex -54.6842 -33.5008 7.1
      vertex -54.9171 -33.7663 1.6
      vertex -54.9171 -33.7663 7.1
    endloop
  endfacet
  facet normal -0.997858 -0.0654101 0
    outer loop
      vertex -55.4519 -35.7624 1.59
      vertex -55.475 -35.41 7.1
      vertex -55.475 -35.41 1.59
    endloop
  endfacet
  facet normal -0.997858 -0.0654101 0
    outer loop
      vertex -55.475 -35.41 7.1
      vertex -55.4519 -35.7624 1.59
      vertex -55.4519 -35.7624 7.1
    endloop
  endfacet
  facet normal -0.831527 0.555484 0
    outer loop
      vertex -55.1133 -34.06 1.6
      vertex -54.9171 -33.7663 7.1
      vertex -54.9171 -33.7663 1.6
    endloop
  endfacet
  facet normal -0.831527 0.555484 0
    outer loop
      vertex -54.9171 -33.7663 7.1
      vertex -55.1133 -34.06 1.6
      vertex -55.1133 -34.06 7.1
    endloop
  endfacet
  facet normal 0 0 -1
    outer loop
      vertex -55.4519 -35.7624 1.59
      vertex -55.295 -36.368 1.59
      vertex -55.383 -36.1088 1.59
    endloop
  endfacet
  facet normal 0 0 -1
    outer loop
      vertex -55.295 -36.368 1.59
      vertex -55.4519 -35.7624 1.59
      vertex -55.295 -34.452 1.59
    endloop
  endfacet
  facet normal 0 0 -1
    outer loop
      vertex -55.4519 -35.0576 1.59
      vertex -55.295 -34.452 1.59
      vertex -55.4519 -35.7624 1.59
    endloop
  endfacet
  facet normal 0 0 -1
    outer loop
      vertex -55.295 -34.452 1.59
      vertex -55.4519 -35.0576 1.59
      vertex -55.383 -34.7112 1.59
    endloop
  endfacet
  facet normal 0 -0 -1
    outer loop
      vertex -55.4519 -35.0576 1.59
      vertex -55.4519 -35.7624 1.59
      vertex -55.475 -35.41 1.59
    endloop
  endfacet
  facet normal 0.0654101 -0.997858 0
    outer loop
      vertex -52.775 -38.11 1.6
      vertex -52.4226 -38.0869 7.1
      vertex -52.775 -38.11 7.1
    endloop
  endfacet
  facet normal 0.0654101 -0.997858 0
    outer loop
      vertex -52.4226 -38.0869 7.1
      vertex -52.775 -38.11 1.6
      vertex -52.4226 -38.0869 1.6
    endloop
  endfacet
  facet normal -0.555484 -0.831527 0
    outer loop
      vertex -54.4187 -37.5521 1.6
      vertex -54.125 -37.7483 7.1
      vertex -54.4187 -37.5521 7.1
    endloop
  endfacet
  facet normal -0.555484 -0.831527 -0
    outer loop
      vertex -54.125 -37.7483 7.1
      vertex -54.4187 -37.5521 1.6
      vertex -54.125 -37.7483 1.6
    endloop
  endfacet
  facet normal -0.980787 -0.195081 0
    outer loop
      vertex -55.383 -36.1088 1.59
      vertex -55.4519 -35.7624 7.1
      vertex -55.4519 -35.7624 1.59
    endloop
  endfacet
  facet normal -0.980787 -0.195081 0
    outer loop
      vertex -55.4519 -35.7624 7.1
      vertex -55.383 -36.1088 1.59
      vertex -55.383 -36.1088 7.1
    endloop
  endfacet
  facet normal -0.659446 -0.751752 0
    outer loop
      vertex -54.6842 -37.3192 1.6
      vertex -54.4187 -37.5521 7.1
      vertex -54.6842 -37.3192 7.1
    endloop
  endfacet
  facet normal -0.659446 -0.751752 -0
    outer loop
      vertex -54.4187 -37.5521 7.1
      vertex -54.6842 -37.3192 1.6
      vertex -54.4187 -37.5521 1.6
    endloop
  endfacet
  facet normal -0.0654101 0.997858 0
    outer loop
      vertex -52.775 -32.71 1.6
      vertex -53.1274 -32.7331 7.1
      vertex -52.775 -32.71 7.1
    endloop
  endfacet
  facet normal -0.0654101 0.997858 0
    outer loop
      vertex -53.1274 -32.7331 7.1
      vertex -52.775 -32.71 1.6
      vertex -53.1274 -32.7331 1.6
    endloop
  endfacet
  facet normal 0.946942 0.321405 0
    outer loop
      vertex -50.167 -34.7112 7.1
      vertex -50.2805 -34.3768 1.6
      vertex -50.2805 -34.3768 7.1
    endloop
  endfacet
  facet normal 0.946942 0.321405 0
    outer loop
      vertex -50.2805 -34.3768 1.6
      vertex -50.167 -34.7112 7.1
      vertex -50.167 -34.7112 1.6
    endloop
  endfacet
  facet normal 0.831527 0.555484 0
    outer loop
      vertex -50.4367 -34.06 7.1
      vertex -50.6329 -33.7663 1.6
      vertex -50.6329 -33.7663 7.1
    endloop
  endfacet
  facet normal 0.831527 0.555484 0
    outer loop
      vertex -50.6329 -33.7663 1.6
      vertex -50.4367 -34.06 7.1
      vertex -50.4367 -34.06 1.6
    endloop
  endfacet
  facet normal -0.659446 0.751752 0
    outer loop
      vertex -54.4187 -33.2679 1.6
      vertex -54.6842 -33.5008 7.1
      vertex -54.4187 -33.2679 7.1
    endloop
  endfacet
  facet normal -0.659446 0.751752 0
    outer loop
      vertex -54.6842 -33.5008 7.1
      vertex -54.4187 -33.2679 1.6
      vertex -54.6842 -33.5008 1.6
    endloop
  endfacet
  facet normal -0.980787 0.195081 0
    outer loop
      vertex -55.4519 -35.0576 1.59
      vertex -55.383 -34.7112 7.1
      vertex -55.383 -34.7112 1.59
    endloop
  endfacet
  facet normal -0.980787 0.195081 0
    outer loop
      vertex -55.383 -34.7112 7.1
      vertex -55.4519 -35.0576 1.59
      vertex -55.4519 -35.0576 7.1
    endloop
  endfacet
  facet normal -0.997858 0.0654101 0
    outer loop
      vertex -55.475 -35.41 1.59
      vertex -55.4519 -35.0576 7.1
      vertex -55.4519 -35.0576 1.59
    endloop
  endfacet
  facet normal -0.997858 0.0654101 0
    outer loop
      vertex -55.4519 -35.0576 7.1
      vertex -55.475 -35.41 1.59
      vertex -55.475 -35.41 7.1
    endloop
  endfacet
  facet normal -0.896905 0.442224 0
    outer loop
      vertex -55.2695 -34.3768 1.6
      vertex -55.1133 -34.06 7.1
      vertex -55.1133 -34.06 1.6
    endloop
  endfacet
  facet normal -0.896905 0.442224 0
    outer loop
      vertex -55.1133 -34.06 7.1
      vertex -55.2695 -34.3768 1.6
      vertex -55.2695 -34.3768 7.1
    endloop
  endfacet
  facet normal -0.0654101 -0.997858 0
    outer loop
      vertex -53.1274 -38.0869 1.6
      vertex -52.775 -38.11 7.1
      vertex -53.1274 -38.0869 7.1
    endloop
  endfacet
  facet normal -0.0654101 -0.997858 -0
    outer loop
      vertex -52.775 -38.11 7.1
      vertex -53.1274 -38.0869 1.6
      vertex -52.775 -38.11 1.6
    endloop
  endfacet
  facet normal -0.442224 -0.896905 0
    outer loop
      vertex -54.125 -37.7483 1.6
      vertex -53.8082 -37.9045 7.1
      vertex -54.125 -37.7483 7.1
    endloop
  endfacet
  facet normal -0.442224 -0.896905 -0
    outer loop
      vertex -53.8082 -37.9045 7.1
      vertex -54.125 -37.7483 1.6
      vertex -53.8082 -37.9045 1.6
    endloop
  endfacet
  facet normal -0.946915 -0.321484 -0
    outer loop
      vertex -55.295 -36.368 1.6
      vertex -55.383 -36.1088 1.59
      vertex -55.295 -36.368 1.59
    endloop
  endfacet
  facet normal -0.946915 -0.321484 0
    outer loop
      vertex -55.383 -36.1088 1.59
      vertex -55.295 -36.368 1.6
      vertex -55.383 -36.1088 7.1
    endloop
  endfacet
  facet normal -0.947033 -0.321135 -0
    outer loop
      vertex -55.2695 -36.4432 7.1
      vertex -55.295 -36.368 1.6
      vertex -55.2695 -36.4432 1.6
    endloop
  endfacet
  facet normal -0.946942 -0.321405 -4.11893e-06
    outer loop
      vertex -55.295 -36.368 1.6
      vertex -55.2695 -36.4432 7.1
      vertex -55.383 -36.1088 7.1
    endloop
  endfacet
  facet normal -0.831527 -0.555484 0
    outer loop
      vertex -54.9171 -37.0537 1.6
      vertex -55.1133 -36.76 7.1
      vertex -55.1133 -36.76 1.6
    endloop
  endfacet
  facet normal -0.831527 -0.555484 0
    outer loop
      vertex -55.1133 -36.76 7.1
      vertex -54.9171 -37.0537 1.6
      vertex -54.9171 -37.0537 7.1
    endloop
  endfacet
  facet normal -0.751752 -0.659446 0
    outer loop
      vertex -54.6842 -37.3192 1.6
      vertex -54.9171 -37.0537 7.1
      vertex -54.9171 -37.0537 1.6
    endloop
  endfacet
  facet normal -0.751752 -0.659446 0
    outer loop
      vertex -54.9171 -37.0537 7.1
      vertex -54.6842 -37.3192 1.6
      vertex -54.6842 -37.3192 7.1
    endloop
  endfacet
  facet normal 0.195081 0.980787 -0
    outer loop
      vertex -52.0762 -32.802 1.6
      vertex -52.4226 -32.7331 7.1
      vertex -52.0762 -32.802 7.1
    endloop
  endfacet
  facet normal 0.195081 0.980787 0
    outer loop
      vertex -52.4226 -32.7331 7.1
      vertex -52.0762 -32.802 1.6
      vertex -52.4226 -32.7331 1.6
    endloop
  endfacet
  facet normal 0.980787 0.195081 0
    outer loop
      vertex -50.0981 -35.0576 7.1
      vertex -50.167 -34.7112 1.6
      vertex -50.167 -34.7112 7.1
    endloop
  endfacet
  facet normal 0.980787 0.195081 0
    outer loop
      vertex -50.167 -34.7112 1.6
      vertex -50.0981 -35.0576 7.1
      vertex -50.0981 -35.0576 1.6
    endloop
  endfacet
  facet normal -0.442224 0.896905 0
    outer loop
      vertex -53.8082 -32.9155 1.6
      vertex -54.125 -33.0717 7.1
      vertex -53.8082 -32.9155 7.1
    endloop
  endfacet
  facet normal -0.442224 0.896905 0
    outer loop
      vertex -54.125 -33.0717 7.1
      vertex -53.8082 -32.9155 1.6
      vertex -54.125 -33.0717 1.6
    endloop
  endfacet
  facet normal -0.321405 0.946942 0
    outer loop
      vertex -53.4738 -32.802 1.6
      vertex -53.8082 -32.9155 7.1
      vertex -53.4738 -32.802 7.1
    endloop
  endfacet
  facet normal -0.321405 0.946942 0
    outer loop
      vertex -53.8082 -32.9155 7.1
      vertex -53.4738 -32.802 1.6
      vertex -53.8082 -32.9155 1.6
    endloop
  endfacet
  facet normal -0.195081 0.980787 0
    outer loop
      vertex -53.1274 -32.7331 1.6
      vertex -53.4738 -32.802 7.1
      vertex -53.1274 -32.7331 7.1
    endloop
  endfacet
  facet normal -0.195081 0.980787 0
    outer loop
      vertex -53.4738 -32.802 7.1
      vertex -53.1274 -32.7331 1.6
      vertex -53.4738 -32.802 1.6
    endloop
  endfacet
  facet normal 0 0 1
    outer loop
      vertex -51.875 -35.41 7.1
      vertex -50.075 -35.41 7.1
      vertex -50.0981 -35.0576 7.1
    endloop
  endfacet
  facet normal 0 0 1
    outer loop
      vertex -51.8827 -35.2925 7.1
      vertex -50.0981 -35.0576 7.1
      vertex -50.167 -34.7112 7.1
    endloop
  endfacet
  facet normal 0 0 1
    outer loop
      vertex -50.075 -35.41 7.1
      vertex -51.875 -35.41 7.1
      vertex -50.0981 -35.7624 7.1
    endloop
  endfacet
  facet normal 0 0 1
    outer loop
      vertex -51.9057 -35.1771 7.1
      vertex -50.167 -34.7112 7.1
      vertex -50.2805 -34.3768 7.1
    endloop
  endfacet
  facet normal -0 0 1
    outer loop
      vertex -51.8827 -35.5275 7.1
      vertex -50.0981 -35.7624 7.1
      vertex -51.875 -35.41 7.1
    endloop
  endfacet
  facet normal 0 0 1
    outer loop
      vertex -51.9435 -35.0656 7.1
      vertex -50.2805 -34.3768 7.1
      vertex -50.4367 -34.06 7.1
    endloop
  endfacet
  facet normal 0 0 1
    outer loop
      vertex -50.0981 -35.7624 7.1
      vertex -51.8827 -35.5275 7.1
      vertex -50.167 -36.1088 7.1
    endloop
  endfacet
  facet normal 0 0 1
    outer loop
      vertex -51.9956 -34.96 7.1
      vertex -50.4367 -34.06 7.1
      vertex -50.6329 -33.7663 7.1
    endloop
  endfacet
  facet normal -0 0 1
    outer loop
      vertex -51.9057 -35.6429 7.1
      vertex -50.167 -36.1088 7.1
      vertex -51.8827 -35.5275 7.1
    endloop
  endfacet
  facet normal 0 0 1
    outer loop
      vertex -52.061 -34.8621 7.1
      vertex -50.6329 -33.7663 7.1
      vertex -50.8658 -33.5008 7.1
    endloop
  endfacet
  facet normal 0 0 1
    outer loop
      vertex -50.167 -36.1088 7.1
      vertex -51.9057 -35.6429 7.1
      vertex -50.2805 -36.4432 7.1
    endloop
  endfacet
  facet normal 0 0 1
    outer loop
      vertex -52.1386 -34.7736 7.1
      vertex -50.8658 -33.5008 7.1
      vertex -51.1313 -33.2679 7.1
    endloop
  endfacet
  facet normal -0 0 1
    outer loop
      vertex -51.9435 -35.7544 7.1
      vertex -50.2805 -36.4432 7.1
      vertex -51.9057 -35.6429 7.1
    endloop
  endfacet
  facet normal 0 0 1
    outer loop
      vertex -52.2271 -34.696 7.1
      vertex -51.1313 -33.2679 7.1
      vertex -51.425 -33.0717 7.1
    endloop
  endfacet
  facet normal 0 0 1
    outer loop
      vertex -50.2805 -36.4432 7.1
      vertex -51.9435 -35.7544 7.1
      vertex -50.4367 -36.76 7.1
    endloop
  endfacet
  facet normal 0 0 1
    outer loop
      vertex -52.325 -34.6306 7.1
      vertex -51.425 -33.0717 7.1
      vertex -51.7418 -32.9155 7.1
    endloop
  endfacet
  facet normal -0 0 1
    outer loop
      vertex -51.9956 -35.86 7.1
      vertex -50.4367 -36.76 7.1
      vertex -51.9435 -35.7544 7.1
    endloop
  endfacet
  facet normal 0 0 1
    outer loop
      vertex -50.4367 -36.76 7.1
      vertex -51.9956 -35.86 7.1
      vertex -50.6329 -37.0537 7.1
    endloop
  endfacet
  facet normal 0 0 1
    outer loop
      vertex -50.0981 -35.0576 7.1
      vertex -51.8827 -35.2925 7.1
      vertex -51.875 -35.41 7.1
    endloop
  endfacet
  facet normal 0 0 1
    outer loop
      vertex -50.167 -34.7112 7.1
      vertex -51.9057 -35.1771 7.1
      vertex -51.8827 -35.2925 7.1
    endloop
  endfacet
  facet normal 0 0 1
    outer loop
      vertex -50.2805 -34.3768 7.1
      vertex -51.9435 -35.0656 7.1
      vertex -51.9057 -35.1771 7.1
    endloop
  endfacet
  facet normal 0 0 1
    outer loop
      vertex -50.4367 -34.06 7.1
      vertex -51.9956 -34.96 7.1
      vertex -51.9435 -35.0656 7.1
    endloop
  endfacet
  facet normal 0 0 1
    outer loop
      vertex -50.6329 -33.7663 7.1
      vertex -52.061 -34.8621 7.1
      vertex -51.9956 -34.96 7.1
    endloop
  endfacet
  facet normal 0 0 1
    outer loop
      vertex -52.4306 -34.5785 7.1
      vertex -51.7418 -32.9155 7.1
      vertex -52.0762 -32.802 7.1
    endloop
  endfacet
  facet normal 0 0 1
    outer loop
      vertex -50.8658 -33.5008 7.1
      vertex -52.1386 -34.7736 7.1
      vertex -52.061 -34.8621 7.1
    endloop
  endfacet
  facet normal 0 0 1
    outer loop
      vertex -51.1313 -33.2679 7.1
      vertex -52.2271 -34.696 7.1
      vertex -52.1386 -34.7736 7.1
    endloop
  endfacet
  facet normal 0 0 1
    outer loop
      vertex -51.425 -33.0717 7.1
      vertex -52.325 -34.6306 7.1
      vertex -52.2271 -34.696 7.1
    endloop
  endfacet
  facet normal 0 0 1
    outer loop
      vertex -52.5421 -34.5407 7.1
      vertex -52.0762 -32.802 7.1
      vertex -52.4226 -32.7331 7.1
    endloop
  endfacet
  facet normal 0 0 1
    outer loop
      vertex -51.7418 -32.9155 7.1
      vertex -52.4306 -34.5785 7.1
      vertex -52.325 -34.6306 7.1
    endloop
  endfacet
  facet normal 0 0 1
    outer loop
      vertex -52.0762 -32.802 7.1
      vertex -52.5421 -34.5407 7.1
      vertex -52.4306 -34.5785 7.1
    endloop
  endfacet
  facet normal 0 0 1
    outer loop
      vertex -52.4226 -32.7331 7.1
      vertex -52.6575 -34.5177 7.1
      vertex -52.5421 -34.5407 7.1
    endloop
  endfacet
  facet normal 0 0 1
    outer loop
      vertex -52.775 -32.71 7.1
      vertex -52.6575 -34.5177 7.1
      vertex -52.4226 -32.7331 7.1
    endloop
  endfacet
  facet normal 0 0 1
    outer loop
      vertex -52.775 -32.71 7.1
      vertex -52.775 -34.51 7.1
      vertex -52.6575 -34.5177 7.1
    endloop
  endfacet
  facet normal 0 0 1
    outer loop
      vertex -52.775 -32.71 7.1
      vertex -52.8925 -34.5177 7.1
      vertex -52.775 -34.51 7.1
    endloop
  endfacet
  facet normal -0 0 1
    outer loop
      vertex -53.1274 -32.7331 7.1
      vertex -52.8925 -34.5177 7.1
      vertex -52.775 -32.71 7.1
    endloop
  endfacet
  facet normal 0 0 1
    outer loop
      vertex -52.8925 -34.5177 7.1
      vertex -53.1274 -32.7331 7.1
      vertex -53.0079 -34.5407 7.1
    endloop
  endfacet
  facet normal -0 0 1
    outer loop
      vertex -53.4738 -32.802 7.1
      vertex -53.0079 -34.5407 7.1
      vertex -53.1274 -32.7331 7.1
    endloop
  endfacet
  facet normal 0 0 1
    outer loop
      vertex -53.0079 -34.5407 7.1
      vertex -53.4738 -32.802 7.1
      vertex -53.1194 -34.5785 7.1
    endloop
  endfacet
  facet normal -0 0 1
    outer loop
      vertex -53.8082 -32.9155 7.1
      vertex -53.1194 -34.5785 7.1
      vertex -53.4738 -32.802 7.1
    endloop
  endfacet
  facet normal 0 0 1
    outer loop
      vertex -53.1194 -34.5785 7.1
      vertex -53.8082 -32.9155 7.1
      vertex -53.225 -34.6306 7.1
    endloop
  endfacet
  facet normal -0 0 1
    outer loop
      vertex -54.125 -33.0717 7.1
      vertex -53.225 -34.6306 7.1
      vertex -53.8082 -32.9155 7.1
    endloop
  endfacet
  facet normal 0 0 1
    outer loop
      vertex -53.225 -34.6306 7.1
      vertex -54.125 -33.0717 7.1
      vertex -53.3229 -34.696 7.1
    endloop
  endfacet
  facet normal -0 0 1
    outer loop
      vertex -54.4187 -33.2679 7.1
      vertex -53.3229 -34.696 7.1
      vertex -54.125 -33.0717 7.1
    endloop
  endfacet
  facet normal 0 0 1
    outer loop
      vertex -53.3229 -34.696 7.1
      vertex -54.4187 -33.2679 7.1
      vertex -53.4114 -34.7736 7.1
    endloop
  endfacet
  facet normal -0 0 1
    outer loop
      vertex -54.6842 -33.5008 7.1
      vertex -53.4114 -34.7736 7.1
      vertex -54.4187 -33.2679 7.1
    endloop
  endfacet
  facet normal 0 0 1
    outer loop
      vertex -53.4114 -34.7736 7.1
      vertex -54.6842 -33.5008 7.1
      vertex -53.489 -34.8621 7.1
    endloop
  endfacet
  facet normal 0 0 1
    outer loop
      vertex -53.489 -34.8621 7.1
      vertex -54.9171 -33.7663 7.1
      vertex -53.5544 -34.96 7.1
    endloop
  endfacet
  facet normal -0 0 1
    outer loop
      vertex -54.9171 -33.7663 7.1
      vertex -53.489 -34.8621 7.1
      vertex -54.6842 -33.5008 7.1
    endloop
  endfacet
  facet normal -0 0 1
    outer loop
      vertex -52.061 -35.9579 7.1
      vertex -50.6329 -37.0537 7.1
      vertex -51.9956 -35.86 7.1
    endloop
  endfacet
  facet normal 0 0 1
    outer loop
      vertex -50.6329 -37.0537 7.1
      vertex -52.061 -35.9579 7.1
      vertex -50.8658 -37.3192 7.1
    endloop
  endfacet
  facet normal -0 0 1
    outer loop
      vertex -52.1386 -36.0464 7.1
      vertex -50.8658 -37.3192 7.1
      vertex -52.061 -35.9579 7.1
    endloop
  endfacet
  facet normal 0 0 1
    outer loop
      vertex -50.8658 -37.3192 7.1
      vertex -52.1386 -36.0464 7.1
      vertex -51.1313 -37.5521 7.1
    endloop
  endfacet
  facet normal -0 0 1
    outer loop
      vertex -52.2271 -36.124 7.1
      vertex -51.1313 -37.5521 7.1
      vertex -52.1386 -36.0464 7.1
    endloop
  endfacet
  facet normal 0 0 1
    outer loop
      vertex -51.1313 -37.5521 7.1
      vertex -52.2271 -36.124 7.1
      vertex -51.425 -37.7483 7.1
    endloop
  endfacet
  facet normal -0 0 1
    outer loop
      vertex -52.325 -36.1894 7.1
      vertex -51.425 -37.7483 7.1
      vertex -52.2271 -36.124 7.1
    endloop
  endfacet
  facet normal 0 0 1
    outer loop
      vertex -51.425 -37.7483 7.1
      vertex -52.325 -36.1894 7.1
      vertex -51.7418 -37.9045 7.1
    endloop
  endfacet
  facet normal -0 0 1
    outer loop
      vertex -52.4306 -36.2415 7.1
      vertex -51.7418 -37.9045 7.1
      vertex -52.325 -36.1894 7.1
    endloop
  endfacet
  facet normal 0 0 1
    outer loop
      vertex -51.7418 -37.9045 7.1
      vertex -52.4306 -36.2415 7.1
      vertex -52.0762 -38.018 7.1
    endloop
  endfacet
  facet normal -0 0 1
    outer loop
      vertex -52.5421 -36.2793 7.1
      vertex -52.0762 -38.018 7.1
      vertex -52.4306 -36.2415 7.1
    endloop
  endfacet
  facet normal 0 0 1
    outer loop
      vertex -52.0762 -38.018 7.1
      vertex -52.5421 -36.2793 7.1
      vertex -52.4226 -38.0869 7.1
    endloop
  endfacet
  facet normal -0 0 1
    outer loop
      vertex -52.6575 -36.3023 7.1
      vertex -52.4226 -38.0869 7.1
      vertex -52.5421 -36.2793 7.1
    endloop
  endfacet
  facet normal -0 0 1
    outer loop
      vertex -52.775 -36.31 7.1
      vertex -52.4226 -38.0869 7.1
      vertex -52.6575 -36.3023 7.1
    endloop
  endfacet
  facet normal 0 0 1
    outer loop
      vertex -52.775 -36.31 7.1
      vertex -52.775 -38.11 7.1
      vertex -52.4226 -38.0869 7.1
    endloop
  endfacet
  facet normal 0 0 1
    outer loop
      vertex -52.8925 -36.3023 7.1
      vertex -52.775 -38.11 7.1
      vertex -52.775 -36.31 7.1
    endloop
  endfacet
  facet normal 0 0 1
    outer loop
      vertex -53.1274 -38.0869 7.1
      vertex -52.8925 -36.3023 7.1
      vertex -53.0079 -36.2793 7.1
    endloop
  endfacet
  facet normal 0 0 1
    outer loop
      vertex -53.4738 -38.018 7.1
      vertex -53.0079 -36.2793 7.1
      vertex -53.1194 -36.2415 7.1
    endloop
  endfacet
  facet normal 0 0 1
    outer loop
      vertex -52.8925 -36.3023 7.1
      vertex -53.1274 -38.0869 7.1
      vertex -52.775 -38.11 7.1
    endloop
  endfacet
  facet normal 0 0 1
    outer loop
      vertex -53.8082 -37.9045 7.1
      vertex -53.1194 -36.2415 7.1
      vertex -53.225 -36.1894 7.1
    endloop
  endfacet
  facet normal 0 0 1
    outer loop
      vertex -54.125 -37.7483 7.1
      vertex -53.225 -36.1894 7.1
      vertex -53.3229 -36.124 7.1
    endloop
  endfacet
  facet normal 0 0 1
    outer loop
      vertex -54.4187 -37.5521 7.1
      vertex -53.3229 -36.124 7.1
      vertex -53.4114 -36.0464 7.1
    endloop
  endfacet
  facet normal 0 0 1
    outer loop
      vertex -53.0079 -36.2793 7.1
      vertex -53.4738 -38.018 7.1
      vertex -53.1274 -38.0869 7.1
    endloop
  endfacet
  facet normal 0 0 1
    outer loop
      vertex -54.6842 -37.3192 7.1
      vertex -53.4114 -36.0464 7.1
      vertex -53.489 -35.9579 7.1
    endloop
  endfacet
  facet normal 0 0 1
    outer loop
      vertex -54.9171 -37.0537 7.1
      vertex -53.489 -35.9579 7.1
      vertex -53.5544 -35.86 7.1
    endloop
  endfacet
  facet normal 0 0 1
    outer loop
      vertex -55.1133 -36.76 7.1
      vertex -53.5544 -35.86 7.1
      vertex -53.6065 -35.7544 7.1
    endloop
  endfacet
  facet normal 0 0 1
    outer loop
      vertex -55.2695 -36.4432 7.1
      vertex -53.6065 -35.7544 7.1
      vertex -53.6443 -35.6429 7.1
    endloop
  endfacet
  facet normal 0 0 1
    outer loop
      vertex -55.383 -36.1088 7.1
      vertex -53.6443 -35.6429 7.1
      vertex -53.6673 -35.5275 7.1
    endloop
  endfacet
  facet normal 0 0 1
    outer loop
      vertex -53.1194 -36.2415 7.1
      vertex -53.8082 -37.9045 7.1
      vertex -53.4738 -38.018 7.1
    endloop
  endfacet
  facet normal 0 0 1
    outer loop
      vertex -55.4519 -35.7624 7.1
      vertex -53.6673 -35.5275 7.1
      vertex -53.675 -35.41 7.1
    endloop
  endfacet
  facet normal -0 0 1
    outer loop
      vertex -55.1133 -34.06 7.1
      vertex -53.5544 -34.96 7.1
      vertex -54.9171 -33.7663 7.1
    endloop
  endfacet
  facet normal 0 0 1
    outer loop
      vertex -53.5544 -34.96 7.1
      vertex -55.1133 -34.06 7.1
      vertex -53.6065 -35.0656 7.1
    endloop
  endfacet
  facet normal 0 0 1
    outer loop
      vertex -53.225 -36.1894 7.1
      vertex -54.125 -37.7483 7.1
      vertex -53.8082 -37.9045 7.1
    endloop
  endfacet
  facet normal -0 0 1
    outer loop
      vertex -55.2695 -34.3768 7.1
      vertex -53.6065 -35.0656 7.1
      vertex -55.1133 -34.06 7.1
    endloop
  endfacet
  facet normal 0 0 1
    outer loop
      vertex -53.3229 -36.124 7.1
      vertex -54.4187 -37.5521 7.1
      vertex -54.125 -37.7483 7.1
    endloop
  endfacet
  facet normal 0 0 1
    outer loop
      vertex -53.6065 -35.0656 7.1
      vertex -55.2695 -34.3768 7.1
      vertex -53.6443 -35.1771 7.1
    endloop
  endfacet
  facet normal 0 0 1
    outer loop
      vertex -53.4114 -36.0464 7.1
      vertex -54.6842 -37.3192 7.1
      vertex -54.4187 -37.5521 7.1
    endloop
  endfacet
  facet normal -0 0 1
    outer loop
      vertex -55.383 -34.7112 7.1
      vertex -53.6443 -35.1771 7.1
      vertex -55.2695 -34.3768 7.1
    endloop
  endfacet
  facet normal 0 0 1
    outer loop
      vertex -53.489 -35.9579 7.1
      vertex -54.9171 -37.0537 7.1
      vertex -54.6842 -37.3192 7.1
    endloop
  endfacet
  facet normal 0 0 1
    outer loop
      vertex -53.6443 -35.1771 7.1
      vertex -55.383 -34.7112 7.1
      vertex -53.6673 -35.2925 7.1
    endloop
  endfacet
  facet normal 0 0 1
    outer loop
      vertex -53.5544 -35.86 7.1
      vertex -55.1133 -36.76 7.1
      vertex -54.9171 -37.0537 7.1
    endloop
  endfacet
  facet normal -0 0 1
    outer loop
      vertex -55.4519 -35.0576 7.1
      vertex -53.6673 -35.2925 7.1
      vertex -55.383 -34.7112 7.1
    endloop
  endfacet
  facet normal 0 0 1
    outer loop
      vertex -53.6065 -35.7544 7.1
      vertex -55.2695 -36.4432 7.1
      vertex -55.1133 -36.76 7.1
    endloop
  endfacet
  facet normal 0 0 1
    outer loop
      vertex -53.6673 -35.2925 7.1
      vertex -55.4519 -35.0576 7.1
      vertex -53.675 -35.41 7.1
    endloop
  endfacet
  facet normal 0 0 1
    outer loop
      vertex -53.6443 -35.6429 7.1
      vertex -55.383 -36.1088 7.1
      vertex -55.2695 -36.4432 7.1
    endloop
  endfacet
  facet normal 0 0 1
    outer loop
      vertex -55.475 -35.41 7.1
      vertex -53.675 -35.41 7.1
      vertex -55.4519 -35.0576 7.1
    endloop
  endfacet
  facet normal 0 0 1
    outer loop
      vertex -53.6673 -35.5275 7.1
      vertex -55.4519 -35.7624 7.1
      vertex -55.383 -36.1088 7.1
    endloop
  endfacet
  facet normal 0 0 1
    outer loop
      vertex -53.675 -35.41 7.1
      vertex -55.475 -35.41 7.1
      vertex -55.4519 -35.7624 7.1
    endloop
  endfacet
  facet normal 0.751752 0.659446 0
    outer loop
      vertex -50.6329 -33.7663 7.1
      vertex -50.8658 -33.5008 1.6
      vertex -50.8658 -33.5008 7.1
    endloop
  endfacet
  facet normal 0.751752 0.659446 0
    outer loop
      vertex -50.8658 -33.5008 1.6
      vertex -50.6329 -33.7663 7.1
      vertex -50.6329 -33.7663 1.6
    endloop
  endfacet
  facet normal 0.555484 0.831527 -0
    outer loop
      vertex -51.1313 -33.2679 1.6
      vertex -51.425 -33.0717 7.1
      vertex -51.1313 -33.2679 7.1
    endloop
  endfacet
  facet normal 0.555484 0.831527 0
    outer loop
      vertex -51.425 -33.0717 7.1
      vertex -51.1313 -33.2679 1.6
      vertex -51.425 -33.0717 1.6
    endloop
  endfacet
  facet normal 0.831527 -0.555484 0
    outer loop
      vertex -50.6329 -37.0537 7.1
      vertex -50.4367 -36.76 1.6
      vertex -50.4367 -36.76 7.1
    endloop
  endfacet
  facet normal 0.831527 -0.555484 0
    outer loop
      vertex -50.4367 -36.76 1.6
      vertex -50.6329 -37.0537 7.1
      vertex -50.6329 -37.0537 1.6
    endloop
  endfacet
  facet normal 0.997858 0.0654101 0
    outer loop
      vertex -50.075 -35.41 7.1
      vertex -50.0981 -35.0576 1.6
      vertex -50.0981 -35.0576 7.1
    endloop
  endfacet
  facet normal 0.997858 0.0654101 0
    outer loop
      vertex -50.0981 -35.0576 1.6
      vertex -50.075 -35.41 7.1
      vertex -50.075 -35.41 1.6
    endloop
  endfacet
  facet normal 0.946942 -0.321405 0
    outer loop
      vertex -50.2805 -36.4432 7.1
      vertex -50.167 -36.1088 1.6
      vertex -50.167 -36.1088 7.1
    endloop
  endfacet
  facet normal 0.946942 -0.321405 0
    outer loop
      vertex -50.167 -36.1088 1.6
      vertex -50.2805 -36.4432 7.1
      vertex -50.2805 -36.4432 1.6
    endloop
  endfacet
  facet normal 0.195081 -0.980787 0
    outer loop
      vertex -52.4226 -38.0869 1.6
      vertex -52.0762 -38.018 7.1
      vertex -52.4226 -38.0869 7.1
    endloop
  endfacet
  facet normal 0.195081 -0.980787 0
    outer loop
      vertex -52.0762 -38.018 7.1
      vertex -52.4226 -38.0869 1.6
      vertex -52.0762 -38.018 1.6
    endloop
  endfacet
  facet normal 0.442224 -0.896905 0
    outer loop
      vertex -51.7418 -37.9045 1.6
      vertex -51.425 -37.7483 7.1
      vertex -51.7418 -37.9045 7.1
    endloop
  endfacet
  facet normal 0.442224 -0.896905 0
    outer loop
      vertex -51.425 -37.7483 7.1
      vertex -51.7418 -37.9045 1.6
      vertex -51.425 -37.7483 1.6
    endloop
  endfacet
  facet normal 0.555484 -0.831527 0
    outer loop
      vertex -51.425 -37.7483 1.6
      vertex -51.1313 -37.5521 7.1
      vertex -51.425 -37.7483 7.1
    endloop
  endfacet
  facet normal 0.555484 -0.831527 0
    outer loop
      vertex -51.1313 -37.5521 7.1
      vertex -51.425 -37.7483 1.6
      vertex -51.1313 -37.5521 1.6
    endloop
  endfacet
  facet normal 0.321405 0.946942 -0
    outer loop
      vertex -51.7418 -32.9155 1.6
      vertex -52.0762 -32.802 7.1
      vertex -51.7418 -32.9155 7.1
    endloop
  endfacet
  facet normal 0.321405 0.946942 0
    outer loop
      vertex -52.0762 -32.802 7.1
      vertex -51.7418 -32.9155 1.6
      vertex -52.0762 -32.802 1.6
    endloop
  endfacet
  facet normal 0.442224 0.896905 -0
    outer loop
      vertex -51.425 -33.0717 1.6
      vertex -51.7418 -32.9155 7.1
      vertex -51.425 -33.0717 7.1
    endloop
  endfacet
  facet normal 0.442224 0.896905 0
    outer loop
      vertex -51.7418 -32.9155 7.1
      vertex -51.425 -33.0717 1.6
      vertex -51.7418 -32.9155 1.6
    endloop
  endfacet
  facet normal 0.980787 -0.195081 0
    outer loop
      vertex -50.167 -36.1088 7.1
      vertex -50.0981 -35.7624 1.6
      vertex -50.0981 -35.7624 7.1
    endloop
  endfacet
  facet normal 0.980787 -0.195081 0
    outer loop
      vertex -50.0981 -35.7624 1.6
      vertex -50.167 -36.1088 7.1
      vertex -50.167 -36.1088 1.6
    endloop
  endfacet
  facet normal 0.896905 -0.442224 0
    outer loop
      vertex -50.4367 -36.76 7.1
      vertex -50.2805 -36.4432 1.6
      vertex -50.2805 -36.4432 7.1
    endloop
  endfacet
  facet normal 0.896905 -0.442224 0
    outer loop
      vertex -50.2805 -36.4432 1.6
      vertex -50.4367 -36.76 7.1
      vertex -50.4367 -36.76 1.6
    endloop
  endfacet
  facet normal 0.321405 -0.946942 0
    outer loop
      vertex -52.0762 -38.018 1.6
      vertex -51.7418 -37.9045 7.1
      vertex -52.0762 -38.018 7.1
    endloop
  endfacet
  facet normal 0.321405 -0.946942 0
    outer loop
      vertex -51.7418 -37.9045 7.1
      vertex -52.0762 -38.018 1.6
      vertex -51.7418 -37.9045 1.6
    endloop
  endfacet
  facet normal 0.751752 -0.659446 0
    outer loop
      vertex -50.8658 -37.3192 7.1
      vertex -50.6329 -37.0537 1.6
      vertex -50.6329 -37.0537 7.1
    endloop
  endfacet
  facet normal 0.751752 -0.659446 0
    outer loop
      vertex -50.6329 -37.0537 1.6
      vertex -50.8658 -37.3192 7.1
      vertex -50.8658 -37.3192 1.6
    endloop
  endfacet
  facet normal 0.659446 -0.751752 0
    outer loop
      vertex -51.1313 -37.5521 1.6
      vertex -50.8658 -37.3192 7.1
      vertex -51.1313 -37.5521 7.1
    endloop
  endfacet
  facet normal 0.659446 -0.751752 0
    outer loop
      vertex -50.8658 -37.3192 7.1
      vertex -51.1313 -37.5521 1.6
      vertex -50.8658 -37.3192 1.6
    endloop
  endfacet
  facet normal 0.659446 0.751752 -0
    outer loop
      vertex -50.8658 -33.5008 1.6
      vertex -51.1313 -33.2679 7.1
      vertex -50.8658 -33.5008 7.1
    endloop
  endfacet
  facet normal 0.659446 0.751752 0
    outer loop
      vertex -51.1313 -33.2679 7.1
      vertex -50.8658 -33.5008 1.6
      vertex -51.1313 -33.2679 1.6
    endloop
  endfacet
  facet normal 0.997858 -0.0654101 0
    outer loop
      vertex -50.0981 -35.7624 7.1
      vertex -50.075 -35.41 1.6
      vertex -50.075 -35.41 7.1
    endloop
  endfacet
  facet normal 0.997858 -0.0654101 0
    outer loop
      vertex -50.075 -35.41 1.6
      vertex -50.0981 -35.7624 7.1
      vertex -50.0981 -35.7624 1.6
    endloop
  endfacet
  facet normal -0.0654101 0.997858 0
    outer loop
      vertex 52.775 -5 1.6
      vertex 52.4226 -5.0231 7.1
      vertex 52.775 -5 7.1
    endloop
  endfacet
  facet normal -0.0654101 0.997858 0
    outer loop
      vertex 52.4226 -5.0231 7.1
      vertex 52.775 -5 1.6
      vertex 52.4226 -5.0231 1.6
    endloop
  endfacet
  facet normal -0.0654101 -0.997858 0
    outer loop
      vertex 52.4226 -10.3769 1.6
      vertex 52.775 -10.4 7.1
      vertex 52.4226 -10.3769 7.1
    endloop
  endfacet
  facet normal -0.0654101 -0.997858 -0
    outer loop
      vertex 52.775 -10.4 7.1
      vertex 52.4226 -10.3769 1.6
      vertex 52.775 -10.4 1.6
    endloop
  endfacet
  facet normal -0.997859 0.0654064 0
    outer loop
      vertex 50.075 -7.7 1.6
      vertex 50.0981 -7.34758 7.1
      vertex 50.0981 -7.34758 1.6
    endloop
  endfacet
  facet normal -0.997859 0.0654064 0
    outer loop
      vertex 50.0981 -7.34758 7.1
      vertex 50.075 -7.7 1.6
      vertex 50.075 -7.7 7.1
    endloop
  endfacet
  facet normal 0.997859 -0.0654064 0
    outer loop
      vertex 55.4519 -8.05242 7.1
      vertex 55.475 -7.7 1.59
      vertex 55.475 -7.7 7.1
    endloop
  endfacet
  facet normal 0.997859 -0.0654064 0
    outer loop
      vertex 55.475 -7.7 1.59
      vertex 55.4519 -8.05242 7.1
      vertex 55.4519 -8.05242 1.59
    endloop
  endfacet
  facet normal 0.659382 -0.751808 0
    outer loop
      vertex 54.4187 -9.84205 1.6
      vertex 54.6842 -9.60919 7.1
      vertex 54.4187 -9.84205 7.1
    endloop
  endfacet
  facet normal 0.659382 -0.751808 0
    outer loop
      vertex 54.6842 -9.60919 7.1
      vertex 54.4187 -9.84205 1.6
      vertex 54.6842 -9.60919 1.6
    endloop
  endfacet
  facet normal -0.659382 0.751808 0
    outer loop
      vertex 51.1313 -5.55795 1.6
      vertex 50.8658 -5.79081 7.1
      vertex 51.1313 -5.55795 7.1
    endloop
  endfacet
  facet normal -0.659382 0.751808 0
    outer loop
      vertex 50.8658 -5.79081 7.1
      vertex 51.1313 -5.55795 1.6
      vertex 50.8658 -5.79081 1.6
    endloop
  endfacet
  facet normal -0.751789 -0.659404 0
    outer loop
      vertex 50.8658 -9.60919 1.6
      vertex 50.6329 -9.34366 7.1
      vertex 50.6329 -9.34366 1.6
    endloop
  endfacet
  facet normal -0.751789 -0.659404 0
    outer loop
      vertex 50.6329 -9.34366 7.1
      vertex 50.8658 -9.60919 1.6
      vertex 50.8658 -9.60919 7.1
    endloop
  endfacet
  facet normal -0.946953 -0.321371 0
    outer loop
      vertex 50.2805 -8.73325 1.6
      vertex 50.167 -8.39881 7.1
      vertex 50.167 -8.39881 1.6
    endloop
  endfacet
  facet normal -0.946953 -0.321371 0
    outer loop
      vertex 50.167 -8.39881 7.1
      vertex 50.2805 -8.73325 1.6
      vertex 50.2805 -8.73325 7.1
    endloop
  endfacet
  facet normal 0 0 -1
    outer loop
      vertex 55.4519 -8.05242 1.59
      vertex 55.4519 -7.34758 1.59
      vertex 55.475 -7.7 1.59
    endloop
  endfacet
  facet normal 0 0 -1
    outer loop
      vertex 55.295 -8.65805 1.59
      vertex 55.4519 -8.05242 1.59
      vertex 55.383 -8.39881 1.59
    endloop
  endfacet
  facet normal -0 0 -1
    outer loop
      vertex 55.4519 -8.05242 1.59
      vertex 55.295 -8.65805 1.59
      vertex 55.4519 -7.34758 1.59
    endloop
  endfacet
  facet normal 0 0 -1
    outer loop
      vertex 55.295 -6.74195 1.59
      vertex 55.4519 -7.34758 1.59
      vertex 55.295 -8.65805 1.59
    endloop
  endfacet
  facet normal 0 0 -1
    outer loop
      vertex 55.4519 -7.34758 1.59
      vertex 55.295 -6.74195 1.59
      vertex 55.383 -7.00119 1.59
    endloop
  endfacet
  facet normal -0.442224 0.896905 0
    outer loop
      vertex 51.7418 -5.20553 1.6
      vertex 51.425 -5.36173 7.1
      vertex 51.7418 -5.20553 7.1
    endloop
  endfacet
  facet normal -0.442224 0.896905 0
    outer loop
      vertex 51.425 -5.36173 7.1
      vertex 51.7418 -5.20553 1.6
      vertex 51.425 -5.36173 1.6
    endloop
  endfacet
  facet normal -0.195081 0.980787 0
    outer loop
      vertex 52.4226 -5.0231 1.6
      vertex 52.0762 -5.092 7.1
      vertex 52.4226 -5.0231 7.1
    endloop
  endfacet
  facet normal -0.195081 0.980787 0
    outer loop
      vertex 52.0762 -5.092 7.1
      vertex 52.4226 -5.0231 1.6
      vertex 52.0762 -5.092 1.6
    endloop
  endfacet
  facet normal -0.555523 0.831501 0
    outer loop
      vertex 51.425 -5.36173 1.6
      vertex 51.1313 -5.55795 7.1
      vertex 51.425 -5.36173 7.1
    endloop
  endfacet
  facet normal -0.555523 0.831501 0
    outer loop
      vertex 51.1313 -5.55795 7.1
      vertex 51.425 -5.36173 1.6
      vertex 51.1313 -5.55795 1.6
    endloop
  endfacet
  facet normal -0.896883 0.442269 0
    outer loop
      vertex 50.2805 -6.66676 1.6
      vertex 50.4367 -6.35 7.1
      vertex 50.4367 -6.35 1.6
    endloop
  endfacet
  facet normal -0.896883 0.442269 0
    outer loop
      vertex 50.4367 -6.35 7.1
      vertex 50.2805 -6.66676 1.6
      vertex 50.2805 -6.66676 7.1
    endloop
  endfacet
  facet normal -0.946951 0.321379 0
    outer loop
      vertex 50.167 -7.00119 1.6
      vertex 50.2805 -6.66676 7.1
      vertex 50.2805 -6.66676 1.6
    endloop
  endfacet
  facet normal -0.946951 0.321379 0
    outer loop
      vertex 50.2805 -6.66676 7.1
      vertex 50.167 -7.00119 1.6
      vertex 50.167 -7.00119 7.1
    endloop
  endfacet
  facet normal -0.751789 0.659404 0
    outer loop
      vertex 50.6329 -6.05634 1.6
      vertex 50.8658 -5.79081 7.1
      vertex 50.8658 -5.79081 1.6
    endloop
  endfacet
  facet normal -0.751789 0.659404 0
    outer loop
      vertex 50.8658 -5.79081 7.1
      vertex 50.6329 -6.05634 1.6
      vertex 50.6329 -6.05634 7.1
    endloop
  endfacet
  facet normal -0.442224 -0.896905 0
    outer loop
      vertex 51.425 -10.0383 1.6
      vertex 51.7418 -10.1945 7.1
      vertex 51.425 -10.0383 7.1
    endloop
  endfacet
  facet normal -0.442224 -0.896905 -0
    outer loop
      vertex 51.7418 -10.1945 7.1
      vertex 51.425 -10.0383 1.6
      vertex 51.7418 -10.1945 1.6
    endloop
  endfacet
  facet normal 0 0 1
    outer loop
      vertex 53.675 -7.7 7.1
      vertex 55.475 -7.7 7.1
      vertex 55.4519 -7.34758 7.1
    endloop
  endfacet
  facet normal 0 0 1
    outer loop
      vertex 53.6673 -7.58253 7.1
      vertex 55.4519 -7.34758 7.1
      vertex 55.383 -7.00119 7.1
    endloop
  endfacet
  facet normal 0 0 1
    outer loop
      vertex 55.475 -7.7 7.1
      vertex 53.675 -7.7 7.1
      vertex 55.4519 -8.05242 7.1
    endloop
  endfacet
  facet normal 0 0 1
    outer loop
      vertex 53.6443 -7.46706 7.1
      vertex 55.383 -7.00119 7.1
      vertex 55.2695 -6.66676 7.1
    endloop
  endfacet
  facet normal -0 0 1
    outer loop
      vertex 53.6673 -7.81747 7.1
      vertex 55.4519 -8.05242 7.1
      vertex 53.675 -7.7 7.1
    endloop
  endfacet
  facet normal 0 0 1
    outer loop
      vertex 53.6065 -7.35559 7.1
      vertex 55.2695 -6.66676 7.1
      vertex 55.1133 -6.35 7.1
    endloop
  endfacet
  facet normal 0 0 1
    outer loop
      vertex 55.4519 -8.05242 7.1
      vertex 53.6673 -7.81747 7.1
      vertex 55.383 -8.39881 7.1
    endloop
  endfacet
  facet normal 0 0 1
    outer loop
      vertex 53.5544 -7.25 7.1
      vertex 55.1133 -6.35 7.1
      vertex 54.9171 -6.05634 7.1
    endloop
  endfacet
  facet normal -0 0 1
    outer loop
      vertex 53.6443 -7.93294 7.1
      vertex 55.383 -8.39881 7.1
      vertex 53.6673 -7.81747 7.1
    endloop
  endfacet
  facet normal 0 0 1
    outer loop
      vertex 53.489 -7.15212 7.1
      vertex 54.9171 -6.05634 7.1
      vertex 54.6842 -5.79081 7.1
    endloop
  endfacet
  facet normal 0 0 1
    outer loop
      vertex 55.383 -8.39881 7.1
      vertex 53.6443 -7.93294 7.1
      vertex 55.2695 -8.73325 7.1
    endloop
  endfacet
  facet normal 0 0 1
    outer loop
      vertex 53.4114 -7.0636 7.1
      vertex 54.6842 -5.79081 7.1
      vertex 54.4187 -5.55795 7.1
    endloop
  endfacet
  facet normal -0 0 1
    outer loop
      vertex 53.6065 -8.04442 7.1
      vertex 55.2695 -8.73325 7.1
      vertex 53.6443 -7.93294 7.1
    endloop
  endfacet
  facet normal 0 0 1
    outer loop
      vertex 53.3229 -6.98598 7.1
      vertex 54.4187 -5.55795 7.1
      vertex 54.125 -5.36173 7.1
    endloop
  endfacet
  facet normal 0 0 1
    outer loop
      vertex 55.2695 -8.73325 7.1
      vertex 53.6065 -8.04442 7.1
      vertex 55.1133 -9.05 7.1
    endloop
  endfacet
  facet normal 0 0 1
    outer loop
      vertex 53.225 -6.92058 7.1
      vertex 54.125 -5.36173 7.1
      vertex 53.8082 -5.20553 7.1
    endloop
  endfacet
  facet normal -0 0 1
    outer loop
      vertex 53.5544 -8.15 7.1
      vertex 55.1133 -9.05 7.1
      vertex 53.6065 -8.04442 7.1
    endloop
  endfacet
  facet normal 0 0 1
    outer loop
      vertex 55.1133 -9.05 7.1
      vertex 53.5544 -8.15 7.1
      vertex 54.9171 -9.34366 7.1
    endloop
  endfacet
  facet normal 0 0 1
    outer loop
      vertex 55.4519 -7.34758 7.1
      vertex 53.6673 -7.58253 7.1
      vertex 53.675 -7.7 7.1
    endloop
  endfacet
  facet normal 0 0 1
    outer loop
      vertex 55.383 -7.00119 7.1
      vertex 53.6443 -7.46706 7.1
      vertex 53.6673 -7.58253 7.1
    endloop
  endfacet
  facet normal 0 0 1
    outer loop
      vertex 55.2695 -6.66676 7.1
      vertex 53.6065 -7.35559 7.1
      vertex 53.6443 -7.46706 7.1
    endloop
  endfacet
  facet normal 0 0 1
    outer loop
      vertex 55.1133 -6.35 7.1
      vertex 53.5544 -7.25 7.1
      vertex 53.6065 -7.35559 7.1
    endloop
  endfacet
  facet normal 0 0 1
    outer loop
      vertex 54.9171 -6.05634 7.1
      vertex 53.489 -7.15212 7.1
      vertex 53.5544 -7.25 7.1
    endloop
  endfacet
  facet normal 0 0 1
    outer loop
      vertex 53.1194 -6.86851 7.1
      vertex 53.8082 -5.20553 7.1
      vertex 53.4738 -5.092 7.1
    endloop
  endfacet
  facet normal 0 0 1
    outer loop
      vertex 54.6842 -5.79081 7.1
      vertex 53.4114 -7.0636 7.1
      vertex 53.489 -7.15212 7.1
    endloop
  endfacet
  facet normal 0 0 1
    outer loop
      vertex 54.4187 -5.55795 7.1
      vertex 53.3229 -6.98598 7.1
      vertex 53.4114 -7.0636 7.1
    endloop
  endfacet
  facet normal 0 0 1
    outer loop
      vertex 54.125 -5.36173 7.1
      vertex 53.225 -6.92058 7.1
      vertex 53.3229 -6.98598 7.1
    endloop
  endfacet
  facet normal 0 0 1
    outer loop
      vertex 53.0079 -6.83067 7.1
      vertex 53.4738 -5.092 7.1
      vertex 53.1274 -5.0231 7.1
    endloop
  endfacet
  facet normal 0 0 1
    outer loop
      vertex 53.8082 -5.20553 7.1
      vertex 53.1194 -6.86851 7.1
      vertex 53.225 -6.92058 7.1
    endloop
  endfacet
  facet normal 0 0 1
    outer loop
      vertex 53.4738 -5.092 7.1
      vertex 53.0079 -6.83067 7.1
      vertex 53.1194 -6.86851 7.1
    endloop
  endfacet
  facet normal 0 0 1
    outer loop
      vertex 53.1274 -5.0231 7.1
      vertex 52.8925 -6.8077 7.1
      vertex 53.0079 -6.83067 7.1
    endloop
  endfacet
  facet normal 0 0 1
    outer loop
      vertex 52.775 -5 7.1
      vertex 52.8925 -6.8077 7.1
      vertex 53.1274 -5.0231 7.1
    endloop
  endfacet
  facet normal 0 0 1
    outer loop
      vertex 52.775 -5 7.1
      vertex 52.775 -6.8 7.1
      vertex 52.8925 -6.8077 7.1
    endloop
  endfacet
  facet normal 0 0 1
    outer loop
      vertex 52.775 -5 7.1
      vertex 52.6575 -6.8077 7.1
      vertex 52.775 -6.8 7.1
    endloop
  endfacet
  facet normal -0 0 1
    outer loop
      vertex 52.4226 -5.0231 7.1
      vertex 52.6575 -6.8077 7.1
      vertex 52.775 -5 7.1
    endloop
  endfacet
  facet normal 0 0 1
    outer loop
      vertex 52.6575 -6.8077 7.1
      vertex 52.4226 -5.0231 7.1
      vertex 52.5421 -6.83067 7.1
    endloop
  endfacet
  facet normal -0 0 1
    outer loop
      vertex 52.0762 -5.092 7.1
      vertex 52.5421 -6.83067 7.1
      vertex 52.4226 -5.0231 7.1
    endloop
  endfacet
  facet normal 0 0 1
    outer loop
      vertex 52.5421 -6.83067 7.1
      vertex 52.0762 -5.092 7.1
      vertex 52.4306 -6.86851 7.1
    endloop
  endfacet
  facet normal -0 0 1
    outer loop
      vertex 51.7418 -5.20553 7.1
      vertex 52.4306 -6.86851 7.1
      vertex 52.0762 -5.092 7.1
    endloop
  endfacet
  facet normal 0 0 1
    outer loop
      vertex 52.4306 -6.86851 7.1
      vertex 51.7418 -5.20553 7.1
      vertex 52.325 -6.92058 7.1
    endloop
  endfacet
  facet normal -0 0 1
    outer loop
      vertex 51.425 -5.36173 7.1
      vertex 52.325 -6.92058 7.1
      vertex 51.7418 -5.20553 7.1
    endloop
  endfacet
  facet normal 0 0 1
    outer loop
      vertex 52.325 -6.92058 7.1
      vertex 51.425 -5.36173 7.1
      vertex 52.2271 -6.98598 7.1
    endloop
  endfacet
  facet normal -0 0 1
    outer loop
      vertex 51.1313 -5.55795 7.1
      vertex 52.2271 -6.98598 7.1
      vertex 51.425 -5.36173 7.1
    endloop
  endfacet
  facet normal 0 0 1
    outer loop
      vertex 52.2271 -6.98598 7.1
      vertex 51.1313 -5.55795 7.1
      vertex 52.1386 -7.0636 7.1
    endloop
  endfacet
  facet normal -0 0 1
    outer loop
      vertex 50.8658 -5.79081 7.1
      vertex 52.1386 -7.0636 7.1
      vertex 51.1313 -5.55795 7.1
    endloop
  endfacet
  facet normal 0 0 1
    outer loop
      vertex 52.1386 -7.0636 7.1
      vertex 50.8658 -5.79081 7.1
      vertex 52.061 -7.15212 7.1
    endloop
  endfacet
  facet normal 0 0 1
    outer loop
      vertex 52.061 -7.15212 7.1
      vertex 50.6329 -6.05634 7.1
      vertex 51.9956 -7.25 7.1
    endloop
  endfacet
  facet normal -0 0 1
    outer loop
      vertex 50.6329 -6.05634 7.1
      vertex 52.061 -7.15212 7.1
      vertex 50.8658 -5.79081 7.1
    endloop
  endfacet
  facet normal -0 0 1
    outer loop
      vertex 53.489 -8.24789 7.1
      vertex 54.9171 -9.34366 7.1
      vertex 53.5544 -8.15 7.1
    endloop
  endfacet
  facet normal 0 0 1
    outer loop
      vertex 54.9171 -9.34366 7.1
      vertex 53.489 -8.24789 7.1
      vertex 54.6842 -9.60919 7.1
    endloop
  endfacet
  facet normal -0 0 1
    outer loop
      vertex 53.4114 -8.3364 7.1
      vertex 54.6842 -9.60919 7.1
      vertex 53.489 -8.24789 7.1
    endloop
  endfacet
  facet normal 0 0 1
    outer loop
      vertex 54.6842 -9.60919 7.1
      vertex 53.4114 -8.3364 7.1
      vertex 54.4187 -9.84205 7.1
    endloop
  endfacet
  facet normal -0 0 1
    outer loop
      vertex 53.3229 -8.41402 7.1
      vertex 54.4187 -9.84205 7.1
      vertex 53.4114 -8.3364 7.1
    endloop
  endfacet
  facet normal 0 0 1
    outer loop
      vertex 54.4187 -9.84205 7.1
      vertex 53.3229 -8.41402 7.1
      vertex 54.125 -10.0383 7.1
    endloop
  endfacet
  facet normal -0 0 1
    outer loop
      vertex 53.225 -8.47942 7.1
      vertex 54.125 -10.0383 7.1
      vertex 53.3229 -8.41402 7.1
    endloop
  endfacet
  facet normal 0 0 1
    outer loop
      vertex 54.125 -10.0383 7.1
      vertex 53.225 -8.47942 7.1
      vertex 53.8082 -10.1945 7.1
    endloop
  endfacet
  facet normal -0 0 1
    outer loop
      vertex 53.1194 -8.53149 7.1
      vertex 53.8082 -10.1945 7.1
      vertex 53.225 -8.47942 7.1
    endloop
  endfacet
  facet normal 0 0 1
    outer loop
      vertex 53.8082 -10.1945 7.1
      vertex 53.1194 -8.53149 7.1
      vertex 53.4738 -10.308 7.1
    endloop
  endfacet
  facet normal -0 0 1
    outer loop
      vertex 53.0079 -8.56933 7.1
      vertex 53.4738 -10.308 7.1
      vertex 53.1194 -8.53149 7.1
    endloop
  endfacet
  facet normal 0 0 1
    outer loop
      vertex 53.4738 -10.308 7.1
      vertex 53.0079 -8.56933 7.1
      vertex 53.1274 -10.3769 7.1
    endloop
  endfacet
  facet normal -0 0 1
    outer loop
      vertex 52.8925 -8.5923 7.1
      vertex 53.1274 -10.3769 7.1
      vertex 53.0079 -8.56933 7.1
    endloop
  endfacet
  facet normal -0 0 1
    outer loop
      vertex 52.775 -8.6 7.1
      vertex 53.1274 -10.3769 7.1
      vertex 52.8925 -8.5923 7.1
    endloop
  endfacet
  facet normal 0 0 1
    outer loop
      vertex 52.775 -8.6 7.1
      vertex 52.775 -10.4 7.1
      vertex 53.1274 -10.3769 7.1
    endloop
  endfacet
  facet normal 0 0 1
    outer loop
      vertex 52.6575 -8.5923 7.1
      vertex 52.775 -10.4 7.1
      vertex 52.775 -8.6 7.1
    endloop
  endfacet
  facet normal 0 0 1
    outer loop
      vertex 52.4226 -10.3769 7.1
      vertex 52.6575 -8.5923 7.1
      vertex 52.5421 -8.56933 7.1
    endloop
  endfacet
  facet normal 0 0 1
    outer loop
      vertex 52.0762 -10.308 7.1
      vertex 52.5421 -8.56933 7.1
      vertex 52.4306 -8.53149 7.1
    endloop
  endfacet
  facet normal 0 0 1
    outer loop
      vertex 52.6575 -8.5923 7.1
      vertex 52.4226 -10.3769 7.1
      vertex 52.775 -10.4 7.1
    endloop
  endfacet
  facet normal 0 0 1
    outer loop
      vertex 51.7418 -10.1945 7.1
      vertex 52.4306 -8.53149 7.1
      vertex 52.325 -8.47942 7.1
    endloop
  endfacet
  facet normal 0 0 1
    outer loop
      vertex 51.425 -10.0383 7.1
      vertex 52.325 -8.47942 7.1
      vertex 52.2271 -8.41402 7.1
    endloop
  endfacet
  facet normal 0 0 1
    outer loop
      vertex 51.1313 -9.84205 7.1
      vertex 52.2271 -8.41402 7.1
      vertex 52.1386 -8.3364 7.1
    endloop
  endfacet
  facet normal 0 0 1
    outer loop
      vertex 52.5421 -8.56933 7.1
      vertex 52.0762 -10.308 7.1
      vertex 52.4226 -10.3769 7.1
    endloop
  endfacet
  facet normal 0 0 1
    outer loop
      vertex 50.8658 -9.60919 7.1
      vertex 52.1386 -8.3364 7.1
      vertex 52.061 -8.24789 7.1
    endloop
  endfacet
  facet normal 0 0 1
    outer loop
      vertex 50.6329 -9.34366 7.1
      vertex 52.061 -8.24789 7.1
      vertex 51.9956 -8.15 7.1
    endloop
  endfacet
  facet normal 0 0 1
    outer loop
      vertex 50.4367 -9.05 7.1
      vertex 51.9956 -8.15 7.1
      vertex 51.9435 -8.04442 7.1
    endloop
  endfacet
  facet normal 0 0 1
    outer loop
      vertex 50.2805 -8.73325 7.1
      vertex 51.9435 -8.04442 7.1
      vertex 51.9057 -7.93294 7.1
    endloop
  endfacet
  facet normal 0 0 1
    outer loop
      vertex 50.167 -8.39881 7.1
      vertex 51.9057 -7.93294 7.1
      vertex 51.8827 -7.81747 7.1
    endloop
  endfacet
  facet normal 0 0 1
    outer loop
      vertex 52.4306 -8.53149 7.1
      vertex 51.7418 -10.1945 7.1
      vertex 52.0762 -10.308 7.1
    endloop
  endfacet
  facet normal 0 0 1
    outer loop
      vertex 50.0981 -8.05242 7.1
      vertex 51.8827 -7.81747 7.1
      vertex 51.875 -7.7 7.1
    endloop
  endfacet
  facet normal -0 0 1
    outer loop
      vertex 50.4367 -6.35 7.1
      vertex 51.9956 -7.25 7.1
      vertex 50.6329 -6.05634 7.1
    endloop
  endfacet
  facet normal 0 0 1
    outer loop
      vertex 51.9956 -7.25 7.1
      vertex 50.4367 -6.35 7.1
      vertex 51.9435 -7.35559 7.1
    endloop
  endfacet
  facet normal 0 0 1
    outer loop
      vertex 52.325 -8.47942 7.1
      vertex 51.425 -10.0383 7.1
      vertex 51.7418 -10.1945 7.1
    endloop
  endfacet
  facet normal -0 0 1
    outer loop
      vertex 50.2805 -6.66676 7.1
      vertex 51.9435 -7.35559 7.1
      vertex 50.4367 -6.35 7.1
    endloop
  endfacet
  facet normal 0 0 1
    outer loop
      vertex 52.2271 -8.41402 7.1
      vertex 51.1313 -9.84205 7.1
      vertex 51.425 -10.0383 7.1
    endloop
  endfacet
  facet normal 0 0 1
    outer loop
      vertex 51.9435 -7.35559 7.1
      vertex 50.2805 -6.66676 7.1
      vertex 51.9057 -7.46706 7.1
    endloop
  endfacet
  facet normal 0 0 1
    outer loop
      vertex 52.1386 -8.3364 7.1
      vertex 50.8658 -9.60919 7.1
      vertex 51.1313 -9.84205 7.1
    endloop
  endfacet
  facet normal -0 0 1
    outer loop
      vertex 50.167 -7.00119 7.1
      vertex 51.9057 -7.46706 7.1
      vertex 50.2805 -6.66676 7.1
    endloop
  endfacet
  facet normal 0 0 1
    outer loop
      vertex 52.061 -8.24789 7.1
      vertex 50.6329 -9.34366 7.1
      vertex 50.8658 -9.60919 7.1
    endloop
  endfacet
  facet normal 0 0 1
    outer loop
      vertex 51.9057 -7.46706 7.1
      vertex 50.167 -7.00119 7.1
      vertex 51.8827 -7.58253 7.1
    endloop
  endfacet
  facet normal 0 0 1
    outer loop
      vertex 51.9956 -8.15 7.1
      vertex 50.4367 -9.05 7.1
      vertex 50.6329 -9.34366 7.1
    endloop
  endfacet
  facet normal -0 0 1
    outer loop
      vertex 50.0981 -7.34758 7.1
      vertex 51.8827 -7.58253 7.1
      vertex 50.167 -7.00119 7.1
    endloop
  endfacet
  facet normal 0 0 1
    outer loop
      vertex 51.9435 -8.04442 7.1
      vertex 50.2805 -8.73325 7.1
      vertex 50.4367 -9.05 7.1
    endloop
  endfacet
  facet normal 0 0 1
    outer loop
      vertex 51.8827 -7.58253 7.1
      vertex 50.0981 -7.34758 7.1
      vertex 51.875 -7.7 7.1
    endloop
  endfacet
  facet normal 0 0 1
    outer loop
      vertex 51.9057 -7.93294 7.1
      vertex 50.167 -8.39881 7.1
      vertex 50.2805 -8.73325 7.1
    endloop
  endfacet
  facet normal 0 0 1
    outer loop
      vertex 50.075 -7.7 7.1
      vertex 51.875 -7.7 7.1
      vertex 50.0981 -7.34758 7.1
    endloop
  endfacet
  facet normal 0 0 1
    outer loop
      vertex 51.8827 -7.81747 7.1
      vertex 50.0981 -8.05242 7.1
      vertex 50.167 -8.39881 7.1
    endloop
  endfacet
  facet normal 0 0 1
    outer loop
      vertex 51.875 -7.7 7.1
      vertex 50.075 -7.7 7.1
      vertex 50.0981 -8.05242 7.1
    endloop
  endfacet
  facet normal -0.896877 -0.44228 0
    outer loop
      vertex 50.4367 -9.05 1.6
      vertex 50.2805 -8.73325 7.1
      vertex 50.2805 -8.73325 1.6
    endloop
  endfacet
  facet normal -0.896877 -0.44228 0
    outer loop
      vertex 50.2805 -8.73325 7.1
      vertex 50.4367 -9.05 1.6
      vertex 50.4367 -9.05 7.1
    endloop
  endfacet
  facet normal -0.980786 -0.195087 0
    outer loop
      vertex 50.167 -8.39881 1.6
      vertex 50.0981 -8.05242 7.1
      vertex 50.0981 -8.05242 1.6
    endloop
  endfacet
  facet normal -0.980786 -0.195087 0
    outer loop
      vertex 50.0981 -8.05242 7.1
      vertex 50.167 -8.39881 1.6
      vertex 50.167 -8.39881 7.1
    endloop
  endfacet
  facet normal 0.195081 0.980787 -0
    outer loop
      vertex 53.4738 -5.092 1.6
      vertex 53.1274 -5.0231 7.1
      vertex 53.4738 -5.092 7.1
    endloop
  endfacet
  facet normal 0.195081 0.980787 0
    outer loop
      vertex 53.1274 -5.0231 7.1
      vertex 53.4738 -5.092 1.6
      vertex 53.1274 -5.0231 1.6
    endloop
  endfacet
  facet normal 0.94693 -0.321439 0
    outer loop
      vertex 55.383 -8.39881 7.1
      vertex 55.295 -8.65805 1.6
      vertex 55.383 -8.39881 1.59
    endloop
  endfacet
  facet normal 0.946953 -0.321371 -3.59338e-06
    outer loop
      vertex 55.2695 -8.73325 7.1
      vertex 55.295 -8.65805 1.6
      vertex 55.383 -8.39881 7.1
    endloop
  endfacet
  facet normal 0.947033 -0.321135 0
    outer loop
      vertex 55.295 -8.65805 1.6
      vertex 55.2695 -8.73325 7.1
      vertex 55.2695 -8.73325 1.6
    endloop
  endfacet
  facet normal 0.94693 -0.321439 0
    outer loop
      vertex 55.383 -8.39881 1.59
      vertex 55.295 -8.65805 1.6
      vertex 55.295 -8.65805 1.59
    endloop
  endfacet
  facet normal 0.442224 -0.896905 0
    outer loop
      vertex 53.8082 -10.1945 1.6
      vertex 54.125 -10.0383 7.1
      vertex 53.8082 -10.1945 7.1
    endloop
  endfacet
  facet normal 0.442224 -0.896905 0
    outer loop
      vertex 54.125 -10.0383 7.1
      vertex 53.8082 -10.1945 1.6
      vertex 54.125 -10.0383 1.6
    endloop
  endfacet
  facet normal 0.0654101 -0.997858 0
    outer loop
      vertex 52.775 -10.4 1.6
      vertex 53.1274 -10.3769 7.1
      vertex 52.775 -10.4 7.1
    endloop
  endfacet
  facet normal 0.0654101 -0.997858 0
    outer loop
      vertex 53.1274 -10.3769 7.1
      vertex 52.775 -10.4 1.6
      vertex 53.1274 -10.3769 1.6
    endloop
  endfacet
  facet normal -0.321481 0.946916 0
    outer loop
      vertex 52.0762 -5.092 1.6
      vertex 51.7418 -5.20553 7.1
      vertex 52.0762 -5.092 7.1
    endloop
  endfacet
  facet normal -0.321481 0.946916 0
    outer loop
      vertex 51.7418 -5.20553 7.1
      vertex 52.0762 -5.092 1.6
      vertex 51.7418 -5.20553 1.6
    endloop
  endfacet
  facet normal -0.980786 0.195087 0
    outer loop
      vertex 50.0981 -7.34758 1.6
      vertex 50.167 -7.00119 7.1
      vertex 50.167 -7.00119 1.6
    endloop
  endfacet
  facet normal -0.980786 0.195087 0
    outer loop
      vertex 50.167 -7.00119 7.1
      vertex 50.0981 -7.34758 1.6
      vertex 50.0981 -7.34758 7.1
    endloop
  endfacet
  facet normal -0.831492 0.555536 0
    outer loop
      vertex 50.4367 -6.35 1.6
      vertex 50.6329 -6.05634 7.1
      vertex 50.6329 -6.05634 1.6
    endloop
  endfacet
  facet normal -0.831492 0.555536 0
    outer loop
      vertex 50.6329 -6.05634 7.1
      vertex 50.4367 -6.35 1.6
      vertex 50.4367 -6.35 7.1
    endloop
  endfacet
  facet normal -0.555582 -0.831462 0
    outer loop
      vertex 51.1313 -9.84205 1.6
      vertex 51.425 -10.0383 7.1
      vertex 51.1313 -9.84205 7.1
    endloop
  endfacet
  facet normal -0.555582 -0.831462 -0
    outer loop
      vertex 51.425 -10.0383 7.1
      vertex 51.1313 -9.84205 1.6
      vertex 51.425 -10.0383 1.6
    endloop
  endfacet
  facet normal -0.659382 -0.751808 0
    outer loop
      vertex 50.8658 -9.60919 1.6
      vertex 51.1313 -9.84205 7.1
      vertex 50.8658 -9.60919 7.1
    endloop
  endfacet
  facet normal -0.659382 -0.751808 -0
    outer loop
      vertex 51.1313 -9.84205 7.1
      vertex 50.8658 -9.60919 1.6
      vertex 51.1313 -9.84205 1.6
    endloop
  endfacet
  facet normal -0.321405 -0.946942 0
    outer loop
      vertex 51.7418 -10.1945 1.6
      vertex 52.0762 -10.308 7.1
      vertex 51.7418 -10.1945 7.1
    endloop
  endfacet
  facet normal -0.321405 -0.946942 -0
    outer loop
      vertex 52.0762 -10.308 7.1
      vertex 51.7418 -10.1945 1.6
      vertex 52.0762 -10.308 1.6
    endloop
  endfacet
  facet normal -0.195081 -0.980787 0
    outer loop
      vertex 52.0762 -10.308 1.6
      vertex 52.4226 -10.3769 7.1
      vertex 52.0762 -10.308 7.1
    endloop
  endfacet
  facet normal -0.195081 -0.980787 -0
    outer loop
      vertex 52.4226 -10.3769 7.1
      vertex 52.0762 -10.308 1.6
      vertex 52.4226 -10.3769 1.6
    endloop
  endfacet
  facet normal -0.831492 -0.555536 0
    outer loop
      vertex 50.6329 -9.34366 1.6
      vertex 50.4367 -9.05 7.1
      vertex 50.4367 -9.05 1.6
    endloop
  endfacet
  facet normal -0.831492 -0.555536 0
    outer loop
      vertex 50.4367 -9.05 7.1
      vertex 50.6329 -9.34366 1.6
      vertex 50.6329 -9.34366 7.1
    endloop
  endfacet
  facet normal -0.997859 -0.0654064 0
    outer loop
      vertex 50.0981 -8.05242 1.6
      vertex 50.075 -7.7 7.1
      vertex 50.075 -7.7 1.6
    endloop
  endfacet
  facet normal -0.997859 -0.0654064 0
    outer loop
      vertex 50.075 -7.7 7.1
      vertex 50.0981 -8.05242 1.6
      vertex 50.0981 -8.05242 7.1
    endloop
  endfacet
  facet normal 0.0654101 0.997858 -0
    outer loop
      vertex 53.1274 -5.0231 1.6
      vertex 52.775 -5 7.1
      vertex 53.1274 -5.0231 7.1
    endloop
  endfacet
  facet normal 0.0654101 0.997858 0
    outer loop
      vertex 52.775 -5 7.1
      vertex 53.1274 -5.0231 1.6
      vertex 52.775 -5 1.6
    endloop
  endfacet
  facet normal 0.997859 0.0654064 0
    outer loop
      vertex 55.475 -7.7 7.1
      vertex 55.4519 -7.34758 1.59
      vertex 55.4519 -7.34758 7.1
    endloop
  endfacet
  facet normal 0.997859 0.0654064 0
    outer loop
      vertex 55.4519 -7.34758 1.59
      vertex 55.475 -7.7 7.1
      vertex 55.475 -7.7 1.59
    endloop
  endfacet
  facet normal 0.94702 0.321173 0
    outer loop
      vertex 55.2695 -6.66676 7.1
      vertex 55.295 -6.74195 1.6
      vertex 55.2695 -6.66676 1.6
    endloop
  endfacet
  facet normal 0.946951 0.321379 -3.14043e-06
    outer loop
      vertex 55.383 -7.00119 7.1
      vertex 55.295 -6.74195 1.6
      vertex 55.2695 -6.66676 7.1
    endloop
  endfacet
  facet normal 0.94693 0.321439 -0
    outer loop
      vertex 55.383 -7.00119 1.59
      vertex 55.295 -6.74195 1.6
      vertex 55.383 -7.00119 7.1
    endloop
  endfacet
  facet normal 0.94693 0.321439 0
    outer loop
      vertex 55.295 -6.74195 1.6
      vertex 55.383 -7.00119 1.59
      vertex 55.295 -6.74195 1.59
    endloop
  endfacet
  facet normal 0.751789 0.659404 0
    outer loop
      vertex 54.9171 -6.05634 7.1
      vertex 54.6842 -5.79081 1.6
      vertex 54.6842 -5.79081 7.1
    endloop
  endfacet
  facet normal 0.751789 0.659404 0
    outer loop
      vertex 54.6842 -5.79081 1.6
      vertex 54.9171 -6.05634 7.1
      vertex 54.9171 -6.05634 1.6
    endloop
  endfacet
  facet normal 0.896883 0.442269 0
    outer loop
      vertex 55.2695 -6.66676 7.1
      vertex 55.1133 -6.35 1.6
      vertex 55.1133 -6.35 7.1
    endloop
  endfacet
  facet normal 0.896883 0.442269 0
    outer loop
      vertex 55.1133 -6.35 1.6
      vertex 55.2695 -6.66676 7.1
      vertex 55.2695 -6.66676 1.6
    endloop
  endfacet
  facet normal 0.659382 0.751808 -0
    outer loop
      vertex 54.6842 -5.79081 1.6
      vertex 54.4187 -5.55795 7.1
      vertex 54.6842 -5.79081 7.1
    endloop
  endfacet
  facet normal 0.659382 0.751808 0
    outer loop
      vertex 54.4187 -5.55795 7.1
      vertex 54.6842 -5.79081 1.6
      vertex 54.4187 -5.55795 1.6
    endloop
  endfacet
  facet normal 0.442224 0.896905 -0
    outer loop
      vertex 54.125 -5.36173 1.6
      vertex 53.8082 -5.20553 7.1
      vertex 54.125 -5.36173 7.1
    endloop
  endfacet
  facet normal 0.442224 0.896905 0
    outer loop
      vertex 53.8082 -5.20553 7.1
      vertex 54.125 -5.36173 1.6
      vertex 53.8082 -5.20553 1.6
    endloop
  endfacet
  facet normal 0.751789 -0.659404 0
    outer loop
      vertex 54.6842 -9.60919 7.1
      vertex 54.9171 -9.34366 1.6
      vertex 54.9171 -9.34366 7.1
    endloop
  endfacet
  facet normal 0.751789 -0.659404 0
    outer loop
      vertex 54.9171 -9.34366 1.6
      vertex 54.6842 -9.60919 7.1
      vertex 54.6842 -9.60919 1.6
    endloop
  endfacet
  facet normal 0.896877 -0.44228 0
    outer loop
      vertex 55.1133 -9.05 7.1
      vertex 55.2695 -8.73325 1.6
      vertex 55.2695 -8.73325 7.1
    endloop
  endfacet
  facet normal 0.896877 -0.44228 0
    outer loop
      vertex 55.2695 -8.73325 1.6
      vertex 55.1133 -9.05 7.1
      vertex 55.1133 -9.05 1.6
    endloop
  endfacet
  facet normal 0.980786 -0.195087 0
    outer loop
      vertex 55.383 -8.39881 7.1
      vertex 55.4519 -8.05242 1.59
      vertex 55.4519 -8.05242 7.1
    endloop
  endfacet
  facet normal 0.980786 -0.195087 0
    outer loop
      vertex 55.4519 -8.05242 1.59
      vertex 55.383 -8.39881 7.1
      vertex 55.383 -8.39881 1.59
    endloop
  endfacet
  facet normal 0.555582 -0.831462 0
    outer loop
      vertex 54.125 -10.0383 1.6
      vertex 54.4187 -9.84205 7.1
      vertex 54.125 -10.0383 7.1
    endloop
  endfacet
  facet normal 0.555582 -0.831462 0
    outer loop
      vertex 54.4187 -9.84205 7.1
      vertex 54.125 -10.0383 1.6
      vertex 54.4187 -9.84205 1.6
    endloop
  endfacet
  facet normal 0.195081 -0.980787 0
    outer loop
      vertex 53.1274 -10.3769 1.6
      vertex 53.4738 -10.308 7.1
      vertex 53.1274 -10.3769 7.1
    endloop
  endfacet
  facet normal 0.195081 -0.980787 0
    outer loop
      vertex 53.4738 -10.308 7.1
      vertex 53.1274 -10.3769 1.6
      vertex 53.4738 -10.308 1.6
    endloop
  endfacet
  facet normal 0.980786 0.195087 0
    outer loop
      vertex 55.4519 -7.34758 7.1
      vertex 55.383 -7.00119 1.59
      vertex 55.383 -7.00119 7.1
    endloop
  endfacet
  facet normal 0.980786 0.195087 0
    outer loop
      vertex 55.383 -7.00119 1.59
      vertex 55.4519 -7.34758 7.1
      vertex 55.4519 -7.34758 1.59
    endloop
  endfacet
  facet normal 0.831492 0.555536 0
    outer loop
      vertex 55.1133 -6.35 7.1
      vertex 54.9171 -6.05634 1.6
      vertex 54.9171 -6.05634 7.1
    endloop
  endfacet
  facet normal 0.831492 0.555536 0
    outer loop
      vertex 54.9171 -6.05634 1.6
      vertex 55.1133 -6.35 7.1
      vertex 55.1133 -6.35 1.6
    endloop
  endfacet
  facet normal 0.555523 0.831501 -0
    outer loop
      vertex 54.4187 -5.55795 1.6
      vertex 54.125 -5.36173 7.1
      vertex 54.4187 -5.55795 7.1
    endloop
  endfacet
  facet normal 0.555523 0.831501 0
    outer loop
      vertex 54.125 -5.36173 7.1
      vertex 54.4187 -5.55795 1.6
      vertex 54.125 -5.36173 1.6
    endloop
  endfacet
  facet normal 0.321481 0.946916 -0
    outer loop
      vertex 53.8082 -5.20553 1.6
      vertex 53.4738 -5.092 7.1
      vertex 53.8082 -5.20553 7.1
    endloop
  endfacet
  facet normal 0.321481 0.946916 0
    outer loop
      vertex 53.4738 -5.092 7.1
      vertex 53.8082 -5.20553 1.6
      vertex 53.4738 -5.092 1.6
    endloop
  endfacet
  facet normal 0.831492 -0.555536 0
    outer loop
      vertex 54.9171 -9.34366 7.1
      vertex 55.1133 -9.05 1.6
      vertex 55.1133 -9.05 7.1
    endloop
  endfacet
  facet normal 0.831492 -0.555536 0
    outer loop
      vertex 55.1133 -9.05 1.6
      vertex 54.9171 -9.34366 7.1
      vertex 54.9171 -9.34366 1.6
    endloop
  endfacet
  facet normal 0.321405 -0.946942 0
    outer loop
      vertex 53.4738 -10.308 1.6
      vertex 53.8082 -10.1945 7.1
      vertex 53.4738 -10.308 7.1
    endloop
  endfacet
  facet normal 0.321405 -0.946942 0
    outer loop
      vertex 53.8082 -10.1945 7.1
      vertex 53.4738 -10.308 1.6
      vertex 53.8082 -10.1945 1.6
    endloop
  endfacet
  facet normal -0.0654101 0.997858 0
    outer loop
      vertex -52.775 -5 1.6
      vertex -53.1274 -5.0231 7.1
      vertex -52.775 -5 7.1
    endloop
  endfacet
  facet normal -0.0654101 0.997858 0
    outer loop
      vertex -53.1274 -5.0231 7.1
      vertex -52.775 -5 1.6
      vertex -53.1274 -5.0231 1.6
    endloop
  endfacet
  facet normal -0.0654101 -0.997858 0
    outer loop
      vertex -53.1274 -10.3769 1.6
      vertex -52.775 -10.4 7.1
      vertex -53.1274 -10.3769 7.1
    endloop
  endfacet
  facet normal -0.0654101 -0.997858 -0
    outer loop
      vertex -52.775 -10.4 7.1
      vertex -53.1274 -10.3769 1.6
      vertex -52.775 -10.4 1.6
    endloop
  endfacet
  facet normal -0.997859 0.0654064 0
    outer loop
      vertex -55.475 -7.7 1.59
      vertex -55.4519 -7.34758 7.1
      vertex -55.4519 -7.34758 1.59
    endloop
  endfacet
  facet normal -0.997859 0.0654064 0
    outer loop
      vertex -55.4519 -7.34758 7.1
      vertex -55.475 -7.7 1.59
      vertex -55.475 -7.7 7.1
    endloop
  endfacet
  facet normal 0.659382 -0.751808 0
    outer loop
      vertex -51.1313 -9.84205 1.6
      vertex -50.8658 -9.60919 7.1
      vertex -51.1313 -9.84205 7.1
    endloop
  endfacet
  facet normal 0.659382 -0.751808 0
    outer loop
      vertex -50.8658 -9.60919 7.1
      vertex -51.1313 -9.84205 1.6
      vertex -50.8658 -9.60919 1.6
    endloop
  endfacet
  facet normal -0.659382 0.751808 0
    outer loop
      vertex -54.4187 -5.55795 1.6
      vertex -54.6842 -5.79081 7.1
      vertex -54.4187 -5.55795 7.1
    endloop
  endfacet
  facet normal -0.659382 0.751808 0
    outer loop
      vertex -54.6842 -5.79081 7.1
      vertex -54.4187 -5.55795 1.6
      vertex -54.6842 -5.79081 1.6
    endloop
  endfacet
  facet normal -0.751789 -0.659404 0
    outer loop
      vertex -54.6842 -9.60919 1.6
      vertex -54.9171 -9.34366 7.1
      vertex -54.9171 -9.34366 1.6
    endloop
  endfacet
  facet normal -0.751789 -0.659404 0
    outer loop
      vertex -54.9171 -9.34366 7.1
      vertex -54.6842 -9.60919 1.6
      vertex -54.6842 -9.60919 7.1
    endloop
  endfacet
  facet normal -0.94693 -0.321439 -0
    outer loop
      vertex -55.295 -8.65805 1.6
      vertex -55.383 -8.39881 1.59
      vertex -55.295 -8.65805 1.59
    endloop
  endfacet
  facet normal -0.94693 -0.321439 0
    outer loop
      vertex -55.383 -8.39881 1.59
      vertex -55.295 -8.65805 1.6
      vertex -55.383 -8.39881 7.1
    endloop
  endfacet
  facet normal -0.947033 -0.321135 -0
    outer loop
      vertex -55.2695 -8.73325 7.1
      vertex -55.295 -8.65805 1.6
      vertex -55.2695 -8.73325 1.6
    endloop
  endfacet
  facet normal -0.946953 -0.321371 -3.59338e-06
    outer loop
      vertex -55.295 -8.65805 1.6
      vertex -55.2695 -8.73325 7.1
      vertex -55.383 -8.39881 7.1
    endloop
  endfacet
  facet normal 0 0 -1
    outer loop
      vertex -55.4519 -8.05242 1.59
      vertex -55.295 -8.65805 1.59
      vertex -55.383 -8.39881 1.59
    endloop
  endfacet
  facet normal 0 0 -1
    outer loop
      vertex -55.295 -8.65805 1.59
      vertex -55.4519 -8.05242 1.59
      vertex -55.295 -6.74195 1.59
    endloop
  endfacet
  facet normal 0 0 -1
    outer loop
      vertex -55.4519 -7.34758 1.59
      vertex -55.295 -6.74195 1.59
      vertex -55.4519 -8.05242 1.59
    endloop
  endfacet
  facet normal 0 0 -1
    outer loop
      vertex -55.295 -6.74195 1.59
      vertex -55.4519 -7.34758 1.59
      vertex -55.383 -7.00119 1.59
    endloop
  endfacet
  facet normal 0 -0 -1
    outer loop
      vertex -55.4519 -7.34758 1.59
      vertex -55.4519 -8.05242 1.59
      vertex -55.475 -7.7 1.59
    endloop
  endfacet
  facet normal -0.321481 0.946916 0
    outer loop
      vertex -53.4738 -5.092 1.6
      vertex -53.8082 -5.20553 7.1
      vertex -53.4738 -5.092 7.1
    endloop
  endfacet
  facet normal -0.321481 0.946916 0
    outer loop
      vertex -53.8082 -5.20553 7.1
      vertex -53.4738 -5.092 1.6
      vertex -53.8082 -5.20553 1.6
    endloop
  endfacet
  facet normal -0.195081 0.980787 0
    outer loop
      vertex -53.1274 -5.0231 1.6
      vertex -53.4738 -5.092 7.1
      vertex -53.1274 -5.0231 7.1
    endloop
  endfacet
  facet normal -0.195081 0.980787 0
    outer loop
      vertex -53.4738 -5.092 7.1
      vertex -53.1274 -5.0231 1.6
      vertex -53.4738 -5.092 1.6
    endloop
  endfacet
  facet normal -0.896883 0.442269 0
    outer loop
      vertex -55.2695 -6.66676 1.6
      vertex -55.1133 -6.35 7.1
      vertex -55.1133 -6.35 1.6
    endloop
  endfacet
  facet normal -0.896883 0.442269 0
    outer loop
      vertex -55.1133 -6.35 7.1
      vertex -55.2695 -6.66676 1.6
      vertex -55.2695 -6.66676 7.1
    endloop
  endfacet
  facet normal -0.94693 0.321439 0
    outer loop
      vertex -55.295 -6.74195 1.59
      vertex -55.383 -7.00119 1.59
      vertex -55.295 -6.74195 1.6
    endloop
  endfacet
  facet normal -0.94702 0.321173 0
    outer loop
      vertex -55.295 -6.74195 1.6
      vertex -55.2695 -6.66676 7.1
      vertex -55.2695 -6.66676 1.6
    endloop
  endfacet
  facet normal -0.94693 0.321439 0
    outer loop
      vertex -55.383 -7.00119 7.1
      vertex -55.295 -6.74195 1.6
      vertex -55.383 -7.00119 1.59
    endloop
  endfacet
  facet normal -0.946951 0.321379 -3.14043e-06
    outer loop
      vertex -55.295 -6.74195 1.6
      vertex -55.383 -7.00119 7.1
      vertex -55.2695 -6.66676 7.1
    endloop
  endfacet
  facet normal -0.751789 0.659404 0
    outer loop
      vertex -54.9171 -6.05634 1.6
      vertex -54.6842 -5.79081 7.1
      vertex -54.6842 -5.79081 1.6
    endloop
  endfacet
  facet normal -0.751789 0.659404 0
    outer loop
      vertex -54.6842 -5.79081 7.1
      vertex -54.9171 -6.05634 1.6
      vertex -54.9171 -6.05634 7.1
    endloop
  endfacet
  facet normal -0.442224 -0.896905 0
    outer loop
      vertex -54.125 -10.0383 1.6
      vertex -53.8082 -10.1945 7.1
      vertex -54.125 -10.0383 7.1
    endloop
  endfacet
  facet normal -0.442224 -0.896905 -0
    outer loop
      vertex -53.8082 -10.1945 7.1
      vertex -54.125 -10.0383 1.6
      vertex -53.8082 -10.1945 1.6
    endloop
  endfacet
  facet normal -0.659382 -0.751808 0
    outer loop
      vertex -54.6842 -9.60919 1.6
      vertex -54.4187 -9.84205 7.1
      vertex -54.6842 -9.60919 7.1
    endloop
  endfacet
  facet normal -0.659382 -0.751808 -0
    outer loop
      vertex -54.4187 -9.84205 7.1
      vertex -54.6842 -9.60919 1.6
      vertex -54.4187 -9.84205 1.6
    endloop
  endfacet
  facet normal 0 0 1
    outer loop
      vertex -51.875 -7.7 7.1
      vertex -50.075 -7.7 7.1
      vertex -50.0981 -7.34758 7.1
    endloop
  endfacet
  facet normal 0 0 1
    outer loop
      vertex -51.8827 -7.58253 7.1
      vertex -50.0981 -7.34758 7.1
      vertex -50.167 -7.00119 7.1
    endloop
  endfacet
  facet normal 0 0 1
    outer loop
      vertex -50.075 -7.7 7.1
      vertex -51.875 -7.7 7.1
      vertex -50.0981 -8.05242 7.1
    endloop
  endfacet
  facet normal 0 0 1
    outer loop
      vertex -51.9057 -7.46706 7.1
      vertex -50.167 -7.00119 7.1
      vertex -50.2805 -6.66676 7.1
    endloop
  endfacet
  facet normal -0 0 1
    outer loop
      vertex -51.8827 -7.81747 7.1
      vertex -50.0981 -8.05242 7.1
      vertex -51.875 -7.7 7.1
    endloop
  endfacet
  facet normal 0 0 1
    outer loop
      vertex -51.9435 -7.35559 7.1
      vertex -50.2805 -6.66676 7.1
      vertex -50.4367 -6.35 7.1
    endloop
  endfacet
  facet normal 0 0 1
    outer loop
      vertex -50.0981 -8.05242 7.1
      vertex -51.8827 -7.81747 7.1
      vertex -50.167 -8.39881 7.1
    endloop
  endfacet
  facet normal 0 0 1
    outer loop
      vertex -51.9956 -7.25 7.1
      vertex -50.4367 -6.35 7.1
      vertex -50.6329 -6.05634 7.1
    endloop
  endfacet
  facet normal -0 0 1
    outer loop
      vertex -51.9057 -7.93294 7.1
      vertex -50.167 -8.39881 7.1
      vertex -51.8827 -7.81747 7.1
    endloop
  endfacet
  facet normal 0 0 1
    outer loop
      vertex -52.061 -7.15212 7.1
      vertex -50.6329 -6.05634 7.1
      vertex -50.8658 -5.79081 7.1
    endloop
  endfacet
  facet normal 0 0 1
    outer loop
      vertex -50.167 -8.39881 7.1
      vertex -51.9057 -7.93294 7.1
      vertex -50.2805 -8.73325 7.1
    endloop
  endfacet
  facet normal 0 0 1
    outer loop
      vertex -52.1386 -7.0636 7.1
      vertex -50.8658 -5.79081 7.1
      vertex -51.1313 -5.55795 7.1
    endloop
  endfacet
  facet normal -0 0 1
    outer loop
      vertex -51.9435 -8.04442 7.1
      vertex -50.2805 -8.73325 7.1
      vertex -51.9057 -7.93294 7.1
    endloop
  endfacet
  facet normal 0 0 1
    outer loop
      vertex -52.2271 -6.98598 7.1
      vertex -51.1313 -5.55795 7.1
      vertex -51.425 -5.36173 7.1
    endloop
  endfacet
  facet normal 0 0 1
    outer loop
      vertex -50.2805 -8.73325 7.1
      vertex -51.9435 -8.04442 7.1
      vertex -50.4367 -9.05 7.1
    endloop
  endfacet
  facet normal 0 0 1
    outer loop
      vertex -52.325 -6.92058 7.1
      vertex -51.425 -5.36173 7.1
      vertex -51.7418 -5.20553 7.1
    endloop
  endfacet
  facet normal -0 0 1
    outer loop
      vertex -51.9956 -8.15 7.1
      vertex -50.4367 -9.05 7.1
      vertex -51.9435 -8.04442 7.1
    endloop
  endfacet
  facet normal 0 0 1
    outer loop
      vertex -50.4367 -9.05 7.1
      vertex -51.9956 -8.15 7.1
      vertex -50.6329 -9.34366 7.1
    endloop
  endfacet
  facet normal 0 0 1
    outer loop
      vertex -50.0981 -7.34758 7.1
      vertex -51.8827 -7.58253 7.1
      vertex -51.875 -7.7 7.1
    endloop
  endfacet
  facet normal 0 0 1
    outer loop
      vertex -50.167 -7.00119 7.1
      vertex -51.9057 -7.46706 7.1
      vertex -51.8827 -7.58253 7.1
    endloop
  endfacet
  facet normal 0 0 1
    outer loop
      vertex -50.2805 -6.66676 7.1
      vertex -51.9435 -7.35559 7.1
      vertex -51.9057 -7.46706 7.1
    endloop
  endfacet
  facet normal 0 0 1
    outer loop
      vertex -50.4367 -6.35 7.1
      vertex -51.9956 -7.25 7.1
      vertex -51.9435 -7.35559 7.1
    endloop
  endfacet
  facet normal 0 0 1
    outer loop
      vertex -50.6329 -6.05634 7.1
      vertex -52.061 -7.15212 7.1
      vertex -51.9956 -7.25 7.1
    endloop
  endfacet
  facet normal 0 0 1
    outer loop
      vertex -52.4306 -6.86851 7.1
      vertex -51.7418 -5.20553 7.1
      vertex -52.0762 -5.092 7.1
    endloop
  endfacet
  facet normal 0 0 1
    outer loop
      vertex -50.8658 -5.79081 7.1
      vertex -52.1386 -7.0636 7.1
      vertex -52.061 -7.15212 7.1
    endloop
  endfacet
  facet normal 0 0 1
    outer loop
      vertex -51.1313 -5.55795 7.1
      vertex -52.2271 -6.98598 7.1
      vertex -52.1386 -7.0636 7.1
    endloop
  endfacet
  facet normal 0 0 1
    outer loop
      vertex -51.425 -5.36173 7.1
      vertex -52.325 -6.92058 7.1
      vertex -52.2271 -6.98598 7.1
    endloop
  endfacet
  facet normal 0 0 1
    outer loop
      vertex -52.5421 -6.83067 7.1
      vertex -52.0762 -5.092 7.1
      vertex -52.4226 -5.0231 7.1
    endloop
  endfacet
  facet normal 0 0 1
    outer loop
      vertex -51.7418 -5.20553 7.1
      vertex -52.4306 -6.86851 7.1
      vertex -52.325 -6.92058 7.1
    endloop
  endfacet
  facet normal 0 0 1
    outer loop
      vertex -52.0762 -5.092 7.1
      vertex -52.5421 -6.83067 7.1
      vertex -52.4306 -6.86851 7.1
    endloop
  endfacet
  facet normal 0 0 1
    outer loop
      vertex -52.4226 -5.0231 7.1
      vertex -52.6575 -6.8077 7.1
      vertex -52.5421 -6.83067 7.1
    endloop
  endfacet
  facet normal 0 0 1
    outer loop
      vertex -52.775 -5 7.1
      vertex -52.6575 -6.8077 7.1
      vertex -52.4226 -5.0231 7.1
    endloop
  endfacet
  facet normal 0 0 1
    outer loop
      vertex -52.775 -5 7.1
      vertex -52.775 -6.8 7.1
      vertex -52.6575 -6.8077 7.1
    endloop
  endfacet
  facet normal 0 0 1
    outer loop
      vertex -52.775 -5 7.1
      vertex -52.8925 -6.8077 7.1
      vertex -52.775 -6.8 7.1
    endloop
  endfacet
  facet normal -0 0 1
    outer loop
      vertex -53.1274 -5.0231 7.1
      vertex -52.8925 -6.8077 7.1
      vertex -52.775 -5 7.1
    endloop
  endfacet
  facet normal 0 0 1
    outer loop
      vertex -52.8925 -6.8077 7.1
      vertex -53.1274 -5.0231 7.1
      vertex -53.0079 -6.83067 7.1
    endloop
  endfacet
  facet normal -0 0 1
    outer loop
      vertex -53.4738 -5.092 7.1
      vertex -53.0079 -6.83067 7.1
      vertex -53.1274 -5.0231 7.1
    endloop
  endfacet
  facet normal 0 0 1
    outer loop
      vertex -53.0079 -6.83067 7.1
      vertex -53.4738 -5.092 7.1
      vertex -53.1194 -6.86851 7.1
    endloop
  endfacet
  facet normal -0 0 1
    outer loop
      vertex -53.8082 -5.20553 7.1
      vertex -53.1194 -6.86851 7.1
      vertex -53.4738 -5.092 7.1
    endloop
  endfacet
  facet normal 0 0 1
    outer loop
      vertex -53.1194 -6.86851 7.1
      vertex -53.8082 -5.20553 7.1
      vertex -53.225 -6.92058 7.1
    endloop
  endfacet
  facet normal -0 0 1
    outer loop
      vertex -54.125 -5.36173 7.1
      vertex -53.225 -6.92058 7.1
      vertex -53.8082 -5.20553 7.1
    endloop
  endfacet
  facet normal 0 0 1
    outer loop
      vertex -53.225 -6.92058 7.1
      vertex -54.125 -5.36173 7.1
      vertex -53.3229 -6.98598 7.1
    endloop
  endfacet
  facet normal -0 0 1
    outer loop
      vertex -54.4187 -5.55795 7.1
      vertex -53.3229 -6.98598 7.1
      vertex -54.125 -5.36173 7.1
    endloop
  endfacet
  facet normal 0 0 1
    outer loop
      vertex -53.3229 -6.98598 7.1
      vertex -54.4187 -5.55795 7.1
      vertex -53.4114 -7.0636 7.1
    endloop
  endfacet
  facet normal -0 0 1
    outer loop
      vertex -54.6842 -5.79081 7.1
      vertex -53.4114 -7.0636 7.1
      vertex -54.4187 -5.55795 7.1
    endloop
  endfacet
  facet normal 0 0 1
    outer loop
      vertex -53.4114 -7.0636 7.1
      vertex -54.6842 -5.79081 7.1
      vertex -53.489 -7.15212 7.1
    endloop
  endfacet
  facet normal 0 0 1
    outer loop
      vertex -53.489 -7.15212 7.1
      vertex -54.9171 -6.05634 7.1
      vertex -53.5544 -7.25 7.1
    endloop
  endfacet
  facet normal -0 0 1
    outer loop
      vertex -54.9171 -6.05634 7.1
      vertex -53.489 -7.15212 7.1
      vertex -54.6842 -5.79081 7.1
    endloop
  endfacet
  facet normal -0 0 1
    outer loop
      vertex -52.061 -8.24789 7.1
      vertex -50.6329 -9.34366 7.1
      vertex -51.9956 -8.15 7.1
    endloop
  endfacet
  facet normal 0 0 1
    outer loop
      vertex -50.6329 -9.34366 7.1
      vertex -52.061 -8.24789 7.1
      vertex -50.8658 -9.60919 7.1
    endloop
  endfacet
  facet normal -0 0 1
    outer loop
      vertex -52.1386 -8.3364 7.1
      vertex -50.8658 -9.60919 7.1
      vertex -52.061 -8.24789 7.1
    endloop
  endfacet
  facet normal 0 0 1
    outer loop
      vertex -50.8658 -9.60919 7.1
      vertex -52.1386 -8.3364 7.1
      vertex -51.1313 -9.84205 7.1
    endloop
  endfacet
  facet normal -0 0 1
    outer loop
      vertex -52.2271 -8.41402 7.1
      vertex -51.1313 -9.84205 7.1
      vertex -52.1386 -8.3364 7.1
    endloop
  endfacet
  facet normal 0 0 1
    outer loop
      vertex -51.1313 -9.84205 7.1
      vertex -52.2271 -8.41402 7.1
      vertex -51.425 -10.0383 7.1
    endloop
  endfacet
  facet normal -0 0 1
    outer loop
      vertex -52.325 -8.47942 7.1
      vertex -51.425 -10.0383 7.1
      vertex -52.2271 -8.41402 7.1
    endloop
  endfacet
  facet normal 0 0 1
    outer loop
      vertex -51.425 -10.0383 7.1
      vertex -52.325 -8.47942 7.1
      vertex -51.7418 -10.1945 7.1
    endloop
  endfacet
  facet normal -0 0 1
    outer loop
      vertex -52.4306 -8.53149 7.1
      vertex -51.7418 -10.1945 7.1
      vertex -52.325 -8.47942 7.1
    endloop
  endfacet
  facet normal 0 0 1
    outer loop
      vertex -51.7418 -10.1945 7.1
      vertex -52.4306 -8.53149 7.1
      vertex -52.0762 -10.308 7.1
    endloop
  endfacet
  facet normal -0 0 1
    outer loop
      vertex -52.5421 -8.56933 7.1
      vertex -52.0762 -10.308 7.1
      vertex -52.4306 -8.53149 7.1
    endloop
  endfacet
  facet normal 0 0 1
    outer loop
      vertex -52.0762 -10.308 7.1
      vertex -52.5421 -8.56933 7.1
      vertex -52.4226 -10.3769 7.1
    endloop
  endfacet
  facet normal -0 0 1
    outer loop
      vertex -52.6575 -8.5923 7.1
      vertex -52.4226 -10.3769 7.1
      vertex -52.5421 -8.56933 7.1
    endloop
  endfacet
  facet normal -0 0 1
    outer loop
      vertex -52.775 -8.6 7.1
      vertex -52.4226 -10.3769 7.1
      vertex -52.6575 -8.5923 7.1
    endloop
  endfacet
  facet normal 0 0 1
    outer loop
      vertex -52.775 -8.6 7.1
      vertex -52.775 -10.4 7.1
      vertex -52.4226 -10.3769 7.1
    endloop
  endfacet
  facet normal 0 0 1
    outer loop
      vertex -52.8925 -8.5923 7.1
      vertex -52.775 -10.4 7.1
      vertex -52.775 -8.6 7.1
    endloop
  endfacet
  facet normal 0 0 1
    outer loop
      vertex -53.1274 -10.3769 7.1
      vertex -52.8925 -8.5923 7.1
      vertex -53.0079 -8.56933 7.1
    endloop
  endfacet
  facet normal 0 0 1
    outer loop
      vertex -53.4738 -10.308 7.1
      vertex -53.0079 -8.56933 7.1
      vertex -53.1194 -8.53149 7.1
    endloop
  endfacet
  facet normal 0 0 1
    outer loop
      vertex -52.8925 -8.5923 7.1
      vertex -53.1274 -10.3769 7.1
      vertex -52.775 -10.4 7.1
    endloop
  endfacet
  facet normal 0 0 1
    outer loop
      vertex -53.8082 -10.1945 7.1
      vertex -53.1194 -8.53149 7.1
      vertex -53.225 -8.47942 7.1
    endloop
  endfacet
  facet normal 0 0 1
    outer loop
      vertex -54.125 -10.0383 7.1
      vertex -53.225 -8.47942 7.1
      vertex -53.3229 -8.41402 7.1
    endloop
  endfacet
  facet normal 0 0 1
    outer loop
      vertex -54.4187 -9.84205 7.1
      vertex -53.3229 -8.41402 7.1
      vertex -53.4114 -8.3364 7.1
    endloop
  endfacet
  facet normal 0 0 1
    outer loop
      vertex -53.0079 -8.56933 7.1
      vertex -53.4738 -10.308 7.1
      vertex -53.1274 -10.3769 7.1
    endloop
  endfacet
  facet normal 0 0 1
    outer loop
      vertex -54.6842 -9.60919 7.1
      vertex -53.4114 -8.3364 7.1
      vertex -53.489 -8.24789 7.1
    endloop
  endfacet
  facet normal 0 0 1
    outer loop
      vertex -54.9171 -9.34366 7.1
      vertex -53.489 -8.24789 7.1
      vertex -53.5544 -8.15 7.1
    endloop
  endfacet
  facet normal 0 0 1
    outer loop
      vertex -55.1133 -9.05 7.1
      vertex -53.5544 -8.15 7.1
      vertex -53.6065 -8.04442 7.1
    endloop
  endfacet
  facet normal 0 0 1
    outer loop
      vertex -55.2695 -8.73325 7.1
      vertex -53.6065 -8.04442 7.1
      vertex -53.6443 -7.93294 7.1
    endloop
  endfacet
  facet normal 0 0 1
    outer loop
      vertex -55.383 -8.39881 7.1
      vertex -53.6443 -7.93294 7.1
      vertex -53.6673 -7.81747 7.1
    endloop
  endfacet
  facet normal 0 0 1
    outer loop
      vertex -53.1194 -8.53149 7.1
      vertex -53.8082 -10.1945 7.1
      vertex -53.4738 -10.308 7.1
    endloop
  endfacet
  facet normal 0 0 1
    outer loop
      vertex -55.4519 -8.05242 7.1
      vertex -53.6673 -7.81747 7.1
      vertex -53.675 -7.7 7.1
    endloop
  endfacet
  facet normal -0 0 1
    outer loop
      vertex -55.1133 -6.35 7.1
      vertex -53.5544 -7.25 7.1
      vertex -54.9171 -6.05634 7.1
    endloop
  endfacet
  facet normal 0 0 1
    outer loop
      vertex -53.5544 -7.25 7.1
      vertex -55.1133 -6.35 7.1
      vertex -53.6065 -7.35559 7.1
    endloop
  endfacet
  facet normal 0 0 1
    outer loop
      vertex -53.225 -8.47942 7.1
      vertex -54.125 -10.0383 7.1
      vertex -53.8082 -10.1945 7.1
    endloop
  endfacet
  facet normal -0 0 1
    outer loop
      vertex -55.2695 -6.66676 7.1
      vertex -53.6065 -7.35559 7.1
      vertex -55.1133 -6.35 7.1
    endloop
  endfacet
  facet normal 0 0 1
    outer loop
      vertex -53.3229 -8.41402 7.1
      vertex -54.4187 -9.84205 7.1
      vertex -54.125 -10.0383 7.1
    endloop
  endfacet
  facet normal 0 0 1
    outer loop
      vertex -53.6065 -7.35559 7.1
      vertex -55.2695 -6.66676 7.1
      vertex -53.6443 -7.46706 7.1
    endloop
  endfacet
  facet normal 0 0 1
    outer loop
      vertex -53.4114 -8.3364 7.1
      vertex -54.6842 -9.60919 7.1
      vertex -54.4187 -9.84205 7.1
    endloop
  endfacet
  facet normal -0 0 1
    outer loop
      vertex -55.383 -7.00119 7.1
      vertex -53.6443 -7.46706 7.1
      vertex -55.2695 -6.66676 7.1
    endloop
  endfacet
  facet normal 0 0 1
    outer loop
      vertex -53.489 -8.24789 7.1
      vertex -54.9171 -9.34366 7.1
      vertex -54.6842 -9.60919 7.1
    endloop
  endfacet
  facet normal 0 0 1
    outer loop
      vertex -53.6443 -7.46706 7.1
      vertex -55.383 -7.00119 7.1
      vertex -53.6673 -7.58253 7.1
    endloop
  endfacet
  facet normal 0 0 1
    outer loop
      vertex -53.5544 -8.15 7.1
      vertex -55.1133 -9.05 7.1
      vertex -54.9171 -9.34366 7.1
    endloop
  endfacet
  facet normal -0 0 1
    outer loop
      vertex -55.4519 -7.34758 7.1
      vertex -53.6673 -7.58253 7.1
      vertex -55.383 -7.00119 7.1
    endloop
  endfacet
  facet normal 0 0 1
    outer loop
      vertex -53.6065 -8.04442 7.1
      vertex -55.2695 -8.73325 7.1
      vertex -55.1133 -9.05 7.1
    endloop
  endfacet
  facet normal 0 0 1
    outer loop
      vertex -53.6673 -7.58253 7.1
      vertex -55.4519 -7.34758 7.1
      vertex -53.675 -7.7 7.1
    endloop
  endfacet
  facet normal 0 0 1
    outer loop
      vertex -53.6443 -7.93294 7.1
      vertex -55.383 -8.39881 7.1
      vertex -55.2695 -8.73325 7.1
    endloop
  endfacet
  facet normal 0 0 1
    outer loop
      vertex -55.475 -7.7 7.1
      vertex -53.675 -7.7 7.1
      vertex -55.4519 -7.34758 7.1
    endloop
  endfacet
  facet normal 0 0 1
    outer loop
      vertex -53.6673 -7.81747 7.1
      vertex -55.4519 -8.05242 7.1
      vertex -55.383 -8.39881 7.1
    endloop
  endfacet
  facet normal 0 0 1
    outer loop
      vertex -53.675 -7.7 7.1
      vertex -55.475 -7.7 7.1
      vertex -55.4519 -8.05242 7.1
    endloop
  endfacet
  facet normal -0.896877 -0.44228 0
    outer loop
      vertex -55.1133 -9.05 1.6
      vertex -55.2695 -8.73325 7.1
      vertex -55.2695 -8.73325 1.6
    endloop
  endfacet
  facet normal -0.896877 -0.44228 0
    outer loop
      vertex -55.2695 -8.73325 7.1
      vertex -55.1133 -9.05 1.6
      vertex -55.1133 -9.05 7.1
    endloop
  endfacet
  facet normal -0.980786 -0.195087 0
    outer loop
      vertex -55.383 -8.39881 1.59
      vertex -55.4519 -8.05242 7.1
      vertex -55.4519 -8.05242 1.59
    endloop
  endfacet
  facet normal -0.980786 -0.195087 0
    outer loop
      vertex -55.4519 -8.05242 7.1
      vertex -55.383 -8.39881 1.59
      vertex -55.383 -8.39881 7.1
    endloop
  endfacet
  facet normal 0.195081 0.980787 -0
    outer loop
      vertex -52.0762 -5.092 1.6
      vertex -52.4226 -5.0231 7.1
      vertex -52.0762 -5.092 7.1
    endloop
  endfacet
  facet normal 0.195081 0.980787 0
    outer loop
      vertex -52.4226 -5.0231 7.1
      vertex -52.0762 -5.092 1.6
      vertex -52.4226 -5.0231 1.6
    endloop
  endfacet
  facet normal 0.946953 -0.321371 0
    outer loop
      vertex -50.2805 -8.73325 7.1
      vertex -50.167 -8.39881 1.6
      vertex -50.167 -8.39881 7.1
    endloop
  endfacet
  facet normal 0.946953 -0.321371 0
    outer loop
      vertex -50.167 -8.39881 1.6
      vertex -50.2805 -8.73325 7.1
      vertex -50.2805 -8.73325 1.6
    endloop
  endfacet
  facet normal 0.442224 -0.896905 0
    outer loop
      vertex -51.7418 -10.1945 1.6
      vertex -51.425 -10.0383 7.1
      vertex -51.7418 -10.1945 7.1
    endloop
  endfacet
  facet normal 0.442224 -0.896905 0
    outer loop
      vertex -51.425 -10.0383 7.1
      vertex -51.7418 -10.1945 1.6
      vertex -51.425 -10.0383 1.6
    endloop
  endfacet
  facet normal 0.0654101 -0.997858 0
    outer loop
      vertex -52.775 -10.4 1.6
      vertex -52.4226 -10.3769 7.1
      vertex -52.775 -10.4 7.1
    endloop
  endfacet
  facet normal 0.0654101 -0.997858 0
    outer loop
      vertex -52.4226 -10.3769 7.1
      vertex -52.775 -10.4 1.6
      vertex -52.4226 -10.3769 1.6
    endloop
  endfacet
  facet normal -0.555523 0.831501 0
    outer loop
      vertex -54.125 -5.36173 1.6
      vertex -54.4187 -5.55795 7.1
      vertex -54.125 -5.36173 7.1
    endloop
  endfacet
  facet normal -0.555523 0.831501 0
    outer loop
      vertex -54.4187 -5.55795 7.1
      vertex -54.125 -5.36173 1.6
      vertex -54.4187 -5.55795 1.6
    endloop
  endfacet
  facet normal -0.442224 0.896905 0
    outer loop
      vertex -53.8082 -5.20553 1.6
      vertex -54.125 -5.36173 7.1
      vertex -53.8082 -5.20553 7.1
    endloop
  endfacet
  facet normal -0.442224 0.896905 0
    outer loop
      vertex -54.125 -5.36173 7.1
      vertex -53.8082 -5.20553 1.6
      vertex -54.125 -5.36173 1.6
    endloop
  endfacet
  facet normal -0.980786 0.195087 0
    outer loop
      vertex -55.4519 -7.34758 1.59
      vertex -55.383 -7.00119 7.1
      vertex -55.383 -7.00119 1.59
    endloop
  endfacet
  facet normal -0.980786 0.195087 0
    outer loop
      vertex -55.383 -7.00119 7.1
      vertex -55.4519 -7.34758 1.59
      vertex -55.4519 -7.34758 7.1
    endloop
  endfacet
  facet normal -0.831492 0.555536 0
    outer loop
      vertex -55.1133 -6.35 1.6
      vertex -54.9171 -6.05634 7.1
      vertex -54.9171 -6.05634 1.6
    endloop
  endfacet
  facet normal -0.831492 0.555536 0
    outer loop
      vertex -54.9171 -6.05634 7.1
      vertex -55.1133 -6.35 1.6
      vertex -55.1133 -6.35 7.1
    endloop
  endfacet
  facet normal -0.555582 -0.831462 0
    outer loop
      vertex -54.4187 -9.84205 1.6
      vertex -54.125 -10.0383 7.1
      vertex -54.4187 -9.84205 7.1
    endloop
  endfacet
  facet normal -0.555582 -0.831462 -0
    outer loop
      vertex -54.125 -10.0383 7.1
      vertex -54.4187 -9.84205 1.6
      vertex -54.125 -10.0383 1.6
    endloop
  endfacet
  facet normal -0.321405 -0.946942 0
    outer loop
      vertex -53.8082 -10.1945 1.6
      vertex -53.4738 -10.308 7.1
      vertex -53.8082 -10.1945 7.1
    endloop
  endfacet
  facet normal -0.321405 -0.946942 -0
    outer loop
      vertex -53.4738 -10.308 7.1
      vertex -53.8082 -10.1945 1.6
      vertex -53.4738 -10.308 1.6
    endloop
  endfacet
  facet normal -0.195081 -0.980787 0
    outer loop
      vertex -53.4738 -10.308 1.6
      vertex -53.1274 -10.3769 7.1
      vertex -53.4738 -10.308 7.1
    endloop
  endfacet
  facet normal -0.195081 -0.980787 -0
    outer loop
      vertex -53.1274 -10.3769 7.1
      vertex -53.4738 -10.308 1.6
      vertex -53.1274 -10.3769 1.6
    endloop
  endfacet
  facet normal -0.831492 -0.555536 0
    outer loop
      vertex -54.9171 -9.34366 1.6
      vertex -55.1133 -9.05 7.1
      vertex -55.1133 -9.05 1.6
    endloop
  endfacet
  facet normal -0.831492 -0.555536 0
    outer loop
      vertex -55.1133 -9.05 7.1
      vertex -54.9171 -9.34366 1.6
      vertex -54.9171 -9.34366 7.1
    endloop
  endfacet
  facet normal -0.997859 -0.0654064 0
    outer loop
      vertex -55.4519 -8.05242 1.59
      vertex -55.475 -7.7 7.1
      vertex -55.475 -7.7 1.59
    endloop
  endfacet
  facet normal -0.997859 -0.0654064 0
    outer loop
      vertex -55.475 -7.7 7.1
      vertex -55.4519 -8.05242 1.59
      vertex -55.4519 -8.05242 7.1
    endloop
  endfacet
  facet normal 0.0654101 0.997858 -0
    outer loop
      vertex -52.4226 -5.0231 1.6
      vertex -52.775 -5 7.1
      vertex -52.4226 -5.0231 7.1
    endloop
  endfacet
  facet normal 0.0654101 0.997858 0
    outer loop
      vertex -52.775 -5 7.1
      vertex -52.4226 -5.0231 1.6
      vertex -52.775 -5 1.6
    endloop
  endfacet
  facet normal 0.997859 0.0654064 0
    outer loop
      vertex -50.075 -7.7 7.1
      vertex -50.0981 -7.34758 1.6
      vertex -50.0981 -7.34758 7.1
    endloop
  endfacet
  facet normal 0.997859 0.0654064 0
    outer loop
      vertex -50.0981 -7.34758 1.6
      vertex -50.075 -7.7 7.1
      vertex -50.075 -7.7 1.6
    endloop
  endfacet
  facet normal 0.946951 0.321379 0
    outer loop
      vertex -50.167 -7.00119 7.1
      vertex -50.2805 -6.66676 1.6
      vertex -50.2805 -6.66676 7.1
    endloop
  endfacet
  facet normal 0.946951 0.321379 0
    outer loop
      vertex -50.2805 -6.66676 1.6
      vertex -50.167 -7.00119 7.1
      vertex -50.167 -7.00119 1.6
    endloop
  endfacet
  facet normal 0.751789 0.659404 0
    outer loop
      vertex -50.6329 -6.05634 7.1
      vertex -50.8658 -5.79081 1.6
      vertex -50.8658 -5.79081 7.1
    endloop
  endfacet
  facet normal 0.751789 0.659404 0
    outer loop
      vertex -50.8658 -5.79081 1.6
      vertex -50.6329 -6.05634 7.1
      vertex -50.6329 -6.05634 1.6
    endloop
  endfacet
  facet normal 0.896883 0.442269 0
    outer loop
      vertex -50.2805 -6.66676 7.1
      vertex -50.4367 -6.35 1.6
      vertex -50.4367 -6.35 7.1
    endloop
  endfacet
  facet normal 0.896883 0.442269 0
    outer loop
      vertex -50.4367 -6.35 1.6
      vertex -50.2805 -6.66676 7.1
      vertex -50.2805 -6.66676 1.6
    endloop
  endfacet
  facet normal 0.659382 0.751808 -0
    outer loop
      vertex -50.8658 -5.79081 1.6
      vertex -51.1313 -5.55795 7.1
      vertex -50.8658 -5.79081 7.1
    endloop
  endfacet
  facet normal 0.659382 0.751808 0
    outer loop
      vertex -51.1313 -5.55795 7.1
      vertex -50.8658 -5.79081 1.6
      vertex -51.1313 -5.55795 1.6
    endloop
  endfacet
  facet normal 0.442224 0.896905 -0
    outer loop
      vertex -51.425 -5.36173 1.6
      vertex -51.7418 -5.20553 7.1
      vertex -51.425 -5.36173 7.1
    endloop
  endfacet
  facet normal 0.442224 0.896905 0
    outer loop
      vertex -51.7418 -5.20553 7.1
      vertex -51.425 -5.36173 1.6
      vertex -51.7418 -5.20553 1.6
    endloop
  endfacet
  facet normal 0.751789 -0.659404 0
    outer loop
      vertex -50.8658 -9.60919 7.1
      vertex -50.6329 -9.34366 1.6
      vertex -50.6329 -9.34366 7.1
    endloop
  endfacet
  facet normal 0.751789 -0.659404 0
    outer loop
      vertex -50.6329 -9.34366 1.6
      vertex -50.8658 -9.60919 7.1
      vertex -50.8658 -9.60919 1.6
    endloop
  endfacet
  facet normal 0.896877 -0.44228 0
    outer loop
      vertex -50.4367 -9.05 7.1
      vertex -50.2805 -8.73325 1.6
      vertex -50.2805 -8.73325 7.1
    endloop
  endfacet
  facet normal 0.896877 -0.44228 0
    outer loop
      vertex -50.2805 -8.73325 1.6
      vertex -50.4367 -9.05 7.1
      vertex -50.4367 -9.05 1.6
    endloop
  endfacet
  facet normal 0.980786 -0.195087 0
    outer loop
      vertex -50.167 -8.39881 7.1
      vertex -50.0981 -8.05242 1.6
      vertex -50.0981 -8.05242 7.1
    endloop
  endfacet
  facet normal 0.980786 -0.195087 0
    outer loop
      vertex -50.0981 -8.05242 1.6
      vertex -50.167 -8.39881 7.1
      vertex -50.167 -8.39881 1.6
    endloop
  endfacet
  facet normal 0.555582 -0.831462 0
    outer loop
      vertex -51.425 -10.0383 1.6
      vertex -51.1313 -9.84205 7.1
      vertex -51.425 -10.0383 7.1
    endloop
  endfacet
  facet normal 0.555582 -0.831462 0
    outer loop
      vertex -51.1313 -9.84205 7.1
      vertex -51.425 -10.0383 1.6
      vertex -51.1313 -9.84205 1.6
    endloop
  endfacet
  facet normal 0.195081 -0.980787 0
    outer loop
      vertex -52.4226 -10.3769 1.6
      vertex -52.0762 -10.308 7.1
      vertex -52.4226 -10.3769 7.1
    endloop
  endfacet
  facet normal 0.195081 -0.980787 0
    outer loop
      vertex -52.0762 -10.308 7.1
      vertex -52.4226 -10.3769 1.6
      vertex -52.0762 -10.308 1.6
    endloop
  endfacet
  facet normal 0.980786 0.195087 0
    outer loop
      vertex -50.0981 -7.34758 7.1
      vertex -50.167 -7.00119 1.6
      vertex -50.167 -7.00119 7.1
    endloop
  endfacet
  facet normal 0.980786 0.195087 0
    outer loop
      vertex -50.167 -7.00119 1.6
      vertex -50.0981 -7.34758 7.1
      vertex -50.0981 -7.34758 1.6
    endloop
  endfacet
  facet normal 0.831492 0.555536 0
    outer loop
      vertex -50.4367 -6.35 7.1
      vertex -50.6329 -6.05634 1.6
      vertex -50.6329 -6.05634 7.1
    endloop
  endfacet
  facet normal 0.831492 0.555536 0
    outer loop
      vertex -50.6329 -6.05634 1.6
      vertex -50.4367 -6.35 7.1
      vertex -50.4367 -6.35 1.6
    endloop
  endfacet
  facet normal 0.555523 0.831501 -0
    outer loop
      vertex -51.1313 -5.55795 1.6
      vertex -51.425 -5.36173 7.1
      vertex -51.1313 -5.55795 7.1
    endloop
  endfacet
  facet normal 0.555523 0.831501 0
    outer loop
      vertex -51.425 -5.36173 7.1
      vertex -51.1313 -5.55795 1.6
      vertex -51.425 -5.36173 1.6
    endloop
  endfacet
  facet normal 0.321481 0.946916 -0
    outer loop
      vertex -51.7418 -5.20553 1.6
      vertex -52.0762 -5.092 7.1
      vertex -51.7418 -5.20553 7.1
    endloop
  endfacet
  facet normal 0.321481 0.946916 0
    outer loop
      vertex -52.0762 -5.092 7.1
      vertex -51.7418 -5.20553 1.6
      vertex -52.0762 -5.092 1.6
    endloop
  endfacet
  facet normal 0.831492 -0.555536 0
    outer loop
      vertex -50.6329 -9.34366 7.1
      vertex -50.4367 -9.05 1.6
      vertex -50.4367 -9.05 7.1
    endloop
  endfacet
  facet normal 0.831492 -0.555536 0
    outer loop
      vertex -50.4367 -9.05 1.6
      vertex -50.6329 -9.34366 7.1
      vertex -50.6329 -9.34366 1.6
    endloop
  endfacet
  facet normal 0.997859 -0.0654064 0
    outer loop
      vertex -50.0981 -8.05242 7.1
      vertex -50.075 -7.7 1.6
      vertex -50.075 -7.7 7.1
    endloop
  endfacet
  facet normal 0.997859 -0.0654064 0
    outer loop
      vertex -50.075 -7.7 1.6
      vertex -50.0981 -8.05242 7.1
      vertex -50.0981 -8.05242 1.6
    endloop
  endfacet
  facet normal 0.321405 -0.946942 0
    outer loop
      vertex -52.0762 -10.308 1.6
      vertex -51.7418 -10.1945 7.1
      vertex -52.0762 -10.308 7.1
    endloop
  endfacet
  facet normal 0.321405 -0.946942 0
    outer loop
      vertex -51.7418 -10.1945 7.1
      vertex -52.0762 -10.308 1.6
      vertex -51.7418 -10.1945 1.6
    endloop
  endfacet
  facet normal 0 -1 0
    outer loop
      vertex 49.895 -38.11 0
      vertex 52.775 -38.11 1.6
      vertex 49.895 -38.11 1.6
    endloop
  endfacet
  facet normal 0 -1 0
    outer loop
      vertex 55.295 -38.11 0
      vertex 52.775 -38.11 1.6
      vertex 49.895 -38.11 0
    endloop
  endfacet
  facet normal 0 -1 0
    outer loop
      vertex 52.775 -38.11 1.6
      vertex 55.295 -38.11 0
      vertex 55.295 -38.11 1.6
    endloop
  endfacet
  facet normal 0 0 1
    outer loop
      vertex -32.5 -3 1.6
      vertex -37.5 -3 1.6
      vertex -32.5 -17.055 1.6
    endloop
  endfacet
  facet normal 0 0 1
    outer loop
      vertex 37.5 -3 1.6
      vertex 32.5 -3 1.6
      vertex 37.5 -17.055 1.6
    endloop
  endfacet
  facet normal 0 0 1
    outer loop
      vertex 49.895 -17.055 1.6
      vertex 50.075 -7.7 1.6
      vertex 49.895 -5 1.6
    endloop
  endfacet
  facet normal 0 0 1
    outer loop
      vertex 50.0981 -7.34758 1.6
      vertex 49.895 -5 1.6
      vertex 50.075 -7.7 1.6
    endloop
  endfacet
  facet normal 0 0 1
    outer loop
      vertex 50.167 -7.00119 1.6
      vertex 49.895 -5 1.6
      vertex 50.0981 -7.34758 1.6
    endloop
  endfacet
  facet normal 0 0 1
    outer loop
      vertex 50.2805 -6.66676 1.6
      vertex 49.895 -5 1.6
      vertex 50.167 -7.00119 1.6
    endloop
  endfacet
  facet normal 0 0 1
    outer loop
      vertex 50.4367 -6.35 1.6
      vertex 49.895 -5 1.6
      vertex 50.2805 -6.66676 1.6
    endloop
  endfacet
  facet normal 0 0 1
    outer loop
      vertex 50.6329 -6.05634 1.6
      vertex 49.895 -5 1.6
      vertex 50.4367 -6.35 1.6
    endloop
  endfacet
  facet normal 0 0 1
    outer loop
      vertex 50.8658 -5.79081 1.6
      vertex 49.895 -5 1.6
      vertex 50.6329 -6.05634 1.6
    endloop
  endfacet
  facet normal 0 0 1
    outer loop
      vertex 51.1313 -5.55795 1.6
      vertex 49.895 -5 1.6
      vertex 50.8658 -5.79081 1.6
    endloop
  endfacet
  facet normal 0 0 1
    outer loop
      vertex 51.425 -5.36173 1.6
      vertex 49.895 -5 1.6
      vertex 51.1313 -5.55795 1.6
    endloop
  endfacet
  facet normal 0 0 1
    outer loop
      vertex 51.7418 -5.20553 1.6
      vertex 49.895 -5 1.6
      vertex 51.425 -5.36173 1.6
    endloop
  endfacet
  facet normal 0 0 1
    outer loop
      vertex 52.0762 -5.092 1.6
      vertex 49.895 -5 1.6
      vertex 51.7418 -5.20553 1.6
    endloop
  endfacet
  facet normal 0 0 1
    outer loop
      vertex 52.4226 -5.0231 1.6
      vertex 49.895 -5 1.6
      vertex 52.0762 -5.092 1.6
    endloop
  endfacet
  facet normal -0 0 1
    outer loop
      vertex 49.895 -5 1.6
      vertex 52.4226 -5.0231 1.6
      vertex 52.775 -5 1.6
    endloop
  endfacet
  facet normal -0 0 1
    outer loop
      vertex 55.2695 -8.73325 1.6
      vertex 55.295 -34.452 1.6
      vertex 55.295 -8.65805 1.6
    endloop
  endfacet
  facet normal 0 0 1
    outer loop
      vertex 55.2695 -8.73325 1.6
      vertex 55.2695 -34.3768 1.6
      vertex 55.295 -34.452 1.6
    endloop
  endfacet
  facet normal -0 0 1
    outer loop
      vertex 55.1133 -9.05 1.6
      vertex 55.2695 -34.3768 1.6
      vertex 55.2695 -8.73325 1.6
    endloop
  endfacet
  facet normal 0 0 1
    outer loop
      vertex 55.1133 -9.05 1.6
      vertex 55.1133 -34.06 1.6
      vertex 55.2695 -34.3768 1.6
    endloop
  endfacet
  facet normal -0 0 1
    outer loop
      vertex 54.9171 -9.34366 1.6
      vertex 55.1133 -34.06 1.6
      vertex 55.1133 -9.05 1.6
    endloop
  endfacet
  facet normal 0 0 1
    outer loop
      vertex 54.9171 -9.34366 1.6
      vertex 54.9171 -33.7663 1.6
      vertex 55.1133 -34.06 1.6
    endloop
  endfacet
  facet normal -0 0 1
    outer loop
      vertex 54.6842 -9.60919 1.6
      vertex 54.9171 -33.7663 1.6
      vertex 54.9171 -9.34366 1.6
    endloop
  endfacet
  facet normal 0 0 1
    outer loop
      vertex 54.6842 -9.60919 1.6
      vertex 54.6842 -33.5008 1.6
      vertex 54.9171 -33.7663 1.6
    endloop
  endfacet
  facet normal -0 0 1
    outer loop
      vertex 54.4187 -9.84205 1.6
      vertex 54.6842 -33.5008 1.6
      vertex 54.6842 -9.60919 1.6
    endloop
  endfacet
  facet normal 0 0 1
    outer loop
      vertex 54.4187 -9.84205 1.6
      vertex 54.4187 -33.2679 1.6
      vertex 54.6842 -33.5008 1.6
    endloop
  endfacet
  facet normal -0 0 1
    outer loop
      vertex 54.125 -10.0383 1.6
      vertex 54.4187 -33.2679 1.6
      vertex 54.4187 -9.84205 1.6
    endloop
  endfacet
  facet normal 0 0 1
    outer loop
      vertex 54.125 -10.0383 1.6
      vertex 54.125 -33.0717 1.6
      vertex 54.4187 -33.2679 1.6
    endloop
  endfacet
  facet normal -0 0 1
    outer loop
      vertex 53.8082 -10.1945 1.6
      vertex 54.125 -33.0717 1.6
      vertex 54.125 -10.0383 1.6
    endloop
  endfacet
  facet normal 0 0 1
    outer loop
      vertex 53.8082 -10.1945 1.6
      vertex 53.8082 -32.9155 1.6
      vertex 54.125 -33.0717 1.6
    endloop
  endfacet
  facet normal -0 0 1
    outer loop
      vertex 53.4738 -10.308 1.6
      vertex 53.8082 -32.9155 1.6
      vertex 53.8082 -10.1945 1.6
    endloop
  endfacet
  facet normal 0 0 1
    outer loop
      vertex 53.4738 -10.308 1.6
      vertex 53.4738 -32.802 1.6
      vertex 53.8082 -32.9155 1.6
    endloop
  endfacet
  facet normal -0 0 1
    outer loop
      vertex 53.1274 -10.3769 1.6
      vertex 53.4738 -32.802 1.6
      vertex 53.4738 -10.308 1.6
    endloop
  endfacet
  facet normal 0 0 1
    outer loop
      vertex 53.1274 -10.3769 1.6
      vertex 53.1274 -32.7331 1.6
      vertex 53.4738 -32.802 1.6
    endloop
  endfacet
  facet normal -0 0 1
    outer loop
      vertex 52.775 -10.4 1.6
      vertex 53.1274 -32.7331 1.6
      vertex 53.1274 -10.3769 1.6
    endloop
  endfacet
  facet normal 0 0 1
    outer loop
      vertex 52.775 -10.4 1.6
      vertex 52.775 -32.71 1.6
      vertex 53.1274 -32.7331 1.6
    endloop
  endfacet
  facet normal 0 0 1
    outer loop
      vertex 52.4226 -10.3769 1.6
      vertex 52.775 -32.71 1.6
      vertex 52.775 -10.4 1.6
    endloop
  endfacet
  facet normal 0 0 1
    outer loop
      vertex 52.4226 -10.3769 1.6
      vertex 52.4226 -32.7331 1.6
      vertex 52.775 -32.71 1.6
    endloop
  endfacet
  facet normal 0 0 1
    outer loop
      vertex 52.0762 -10.308 1.6
      vertex 52.4226 -32.7331 1.6
      vertex 52.4226 -10.3769 1.6
    endloop
  endfacet
  facet normal 0 0 1
    outer loop
      vertex 52.0762 -10.308 1.6
      vertex 52.0762 -32.802 1.6
      vertex 52.4226 -32.7331 1.6
    endloop
  endfacet
  facet normal 0 0 1
    outer loop
      vertex 51.7418 -10.1945 1.6
      vertex 52.0762 -32.802 1.6
      vertex 52.0762 -10.308 1.6
    endloop
  endfacet
  facet normal 0 0 1
    outer loop
      vertex 51.7418 -10.1945 1.6
      vertex 51.7418 -32.9155 1.6
      vertex 52.0762 -32.802 1.6
    endloop
  endfacet
  facet normal 0 0 1
    outer loop
      vertex 51.425 -10.0383 1.6
      vertex 51.7418 -32.9155 1.6
      vertex 51.7418 -10.1945 1.6
    endloop
  endfacet
  facet normal 0 0 1
    outer loop
      vertex 51.425 -10.0383 1.6
      vertex 51.425 -33.0717 1.6
      vertex 51.7418 -32.9155 1.6
    endloop
  endfacet
  facet normal 0 0 1
    outer loop
      vertex 51.1313 -9.84205 1.6
      vertex 51.425 -33.0717 1.6
      vertex 51.425 -10.0383 1.6
    endloop
  endfacet
  facet normal 0 0 1
    outer loop
      vertex 51.1313 -9.84205 1.6
      vertex 51.1313 -33.2679 1.6
      vertex 51.425 -33.0717 1.6
    endloop
  endfacet
  facet normal 0 0 1
    outer loop
      vertex 50.8658 -9.60919 1.6
      vertex 51.1313 -33.2679 1.6
      vertex 51.1313 -9.84205 1.6
    endloop
  endfacet
  facet normal 0 0 1
    outer loop
      vertex 50.8658 -9.60919 1.6
      vertex 50.8658 -33.5008 1.6
      vertex 51.1313 -33.2679 1.6
    endloop
  endfacet
  facet normal 0 0 1
    outer loop
      vertex 50.6329 -9.34366 1.6
      vertex 50.8658 -33.5008 1.6
      vertex 50.8658 -9.60919 1.6
    endloop
  endfacet
  facet normal 0 0 1
    outer loop
      vertex 50.6329 -9.34366 1.6
      vertex 50.6329 -33.7663 1.6
      vertex 50.8658 -33.5008 1.6
    endloop
  endfacet
  facet normal 0 0 1
    outer loop
      vertex 50.4367 -9.05 1.6
      vertex 50.6329 -33.7663 1.6
      vertex 50.6329 -9.34366 1.6
    endloop
  endfacet
  facet normal 0 0 1
    outer loop
      vertex 50.4367 -9.05 1.6
      vertex 50.4367 -34.06 1.6
      vertex 50.6329 -33.7663 1.6
    endloop
  endfacet
  facet normal 0 0 1
    outer loop
      vertex 50.2805 -8.73325 1.6
      vertex 50.4367 -34.06 1.6
      vertex 50.4367 -9.05 1.6
    endloop
  endfacet
  facet normal 0 0 1
    outer loop
      vertex 50.2805 -8.73325 1.6
      vertex 50.2805 -34.3768 1.6
      vertex 50.4367 -34.06 1.6
    endloop
  endfacet
  facet normal 0 0 1
    outer loop
      vertex 50.167 -8.39881 1.6
      vertex 50.2805 -34.3768 1.6
      vertex 50.2805 -8.73325 1.6
    endloop
  endfacet
  facet normal 0 0 1
    outer loop
      vertex 50.167 -8.39881 1.6
      vertex 50.167 -34.7112 1.6
      vertex 50.2805 -34.3768 1.6
    endloop
  endfacet
  facet normal 0 0 1
    outer loop
      vertex 50.0981 -8.05242 1.6
      vertex 50.167 -34.7112 1.6
      vertex 50.167 -8.39881 1.6
    endloop
  endfacet
  facet normal 0 0 1
    outer loop
      vertex 50.0981 -8.05242 1.6
      vertex 50.0981 -35.0576 1.6
      vertex 50.167 -34.7112 1.6
    endloop
  endfacet
  facet normal 0 0 1
    outer loop
      vertex 50.075 -7.7 1.6
      vertex 50.0981 -35.0576 1.6
      vertex 50.0981 -8.05242 1.6
    endloop
  endfacet
  facet normal 0 0 1
    outer loop
      vertex 50.0981 -35.0576 1.6
      vertex 50.075 -7.7 1.6
      vertex 50.075 -35.41 1.6
    endloop
  endfacet
  facet normal 0 0 1
    outer loop
      vertex 50.075 -7.7 1.6
      vertex 49.895 -17.055 1.6
      vertex 50.075 -35.41 1.6
    endloop
  endfacet
  facet normal -0 0 1
    outer loop
      vertex 49.895 -26.055 1.6
      vertex 50.075 -35.41 1.6
      vertex 49.895 -17.055 1.6
    endloop
  endfacet
  facet normal 0 0 1
    outer loop
      vertex 52.4226 -38.0869 1.6
      vertex 49.895 -38.11 1.6
      vertex 52.775 -38.11 1.6
    endloop
  endfacet
  facet normal 0 0 1
    outer loop
      vertex 52.0762 -38.018 1.6
      vertex 49.895 -38.11 1.6
      vertex 52.4226 -38.0869 1.6
    endloop
  endfacet
  facet normal 0 0 1
    outer loop
      vertex 51.7418 -37.9045 1.6
      vertex 49.895 -38.11 1.6
      vertex 52.0762 -38.018 1.6
    endloop
  endfacet
  facet normal 0 0 1
    outer loop
      vertex 51.425 -37.7483 1.6
      vertex 49.895 -38.11 1.6
      vertex 51.7418 -37.9045 1.6
    endloop
  endfacet
  facet normal 0 0 1
    outer loop
      vertex 51.1313 -37.5521 1.6
      vertex 49.895 -38.11 1.6
      vertex 51.425 -37.7483 1.6
    endloop
  endfacet
  facet normal 0 0 1
    outer loop
      vertex 50.8658 -37.3192 1.6
      vertex 49.895 -38.11 1.6
      vertex 51.1313 -37.5521 1.6
    endloop
  endfacet
  facet normal 0 0 1
    outer loop
      vertex 50.6329 -37.0537 1.6
      vertex 49.895 -38.11 1.6
      vertex 50.8658 -37.3192 1.6
    endloop
  endfacet
  facet normal 0 0 1
    outer loop
      vertex 50.4367 -36.76 1.6
      vertex 49.895 -38.11 1.6
      vertex 50.6329 -37.0537 1.6
    endloop
  endfacet
  facet normal 0 0 1
    outer loop
      vertex 50.2805 -36.4432 1.6
      vertex 49.895 -38.11 1.6
      vertex 50.4367 -36.76 1.6
    endloop
  endfacet
  facet normal 0 0 1
    outer loop
      vertex 50.167 -36.1088 1.6
      vertex 49.895 -38.11 1.6
      vertex 50.2805 -36.4432 1.6
    endloop
  endfacet
  facet normal 0 0 1
    outer loop
      vertex 50.0981 -35.7624 1.6
      vertex 49.895 -38.11 1.6
      vertex 50.167 -36.1088 1.6
    endloop
  endfacet
  facet normal 0 0 1
    outer loop
      vertex 50.075 -35.41 1.6
      vertex 49.895 -38.11 1.6
      vertex 50.0981 -35.7624 1.6
    endloop
  endfacet
  facet normal 0 0 1
    outer loop
      vertex 49.895 -38.11 1.6
      vertex 50.075 -35.41 1.6
      vertex 49.895 -26.055 1.6
    endloop
  endfacet
  facet normal -0 0 1
    outer loop
      vertex 37.5 -17.055 1.6
      vertex 49.895 -26.055 1.6
      vertex 49.895 -17.055 1.6
    endloop
  endfacet
  facet normal 0 0 1
    outer loop
      vertex 32.5 -17.055 1.6
      vertex 37.5 -17.055 1.6
      vertex 32.5 -3 1.6
    endloop
  endfacet
  facet normal -0 0 1
    outer loop
      vertex 32.5 -17.055 1.6
      vertex 49.895 -26.055 1.6
      vertex 37.5 -17.055 1.6
    endloop
  endfacet
  facet normal -0 0 1
    outer loop
      vertex -32.5 -17.055 1.6
      vertex 49.895 -26.055 1.6
      vertex 32.5 -17.055 1.6
    endloop
  endfacet
  facet normal 0 0 1
    outer loop
      vertex -37.5 -17.055 1.6
      vertex -32.5 -17.055 1.6
      vertex -37.5 -3 1.6
    endloop
  endfacet
  facet normal 0 0 1
    outer loop
      vertex -49.895 -26.055 1.6
      vertex -32.5 -17.055 1.6
      vertex -37.5 -17.055 1.6
    endloop
  endfacet
  facet normal 0 0 1
    outer loop
      vertex -49.895 -26.055 1.6
      vertex -37.5 -17.055 1.6
      vertex -49.895 -17.055 1.6
    endloop
  endfacet
  facet normal 0 0 1
    outer loop
      vertex -32.5 -17.055 1.6
      vertex -49.895 -26.055 1.6
      vertex 49.895 -26.055 1.6
    endloop
  endfacet
  facet normal -0 0 1
    outer loop
      vertex -50.2805 -8.73325 1.6
      vertex -49.895 -17.055 1.6
      vertex -50.167 -8.39881 1.6
    endloop
  endfacet
  facet normal 0 0 1
    outer loop
      vertex -49.895 -26.055 1.6
      vertex -50.0981 -35.0576 1.6
      vertex -50.075 -35.41 1.6
    endloop
  endfacet
  facet normal -0 0 1
    outer loop
      vertex -50.4367 -9.05 1.6
      vertex -49.895 -17.055 1.6
      vertex -50.2805 -8.73325 1.6
    endloop
  endfacet
  facet normal 0 0 1
    outer loop
      vertex -49.895 -26.055 1.6
      vertex -50.167 -34.7112 1.6
      vertex -50.0981 -35.0576 1.6
    endloop
  endfacet
  facet normal -0 0 1
    outer loop
      vertex -50.6329 -9.34366 1.6
      vertex -49.895 -17.055 1.6
      vertex -50.4367 -9.05 1.6
    endloop
  endfacet
  facet normal 0 0 1
    outer loop
      vertex -49.895 -26.055 1.6
      vertex -50.2805 -34.3768 1.6
      vertex -50.167 -34.7112 1.6
    endloop
  endfacet
  facet normal -0 0 1
    outer loop
      vertex -50.8658 -9.60919 1.6
      vertex -49.895 -17.055 1.6
      vertex -50.6329 -9.34366 1.6
    endloop
  endfacet
  facet normal 0 0 1
    outer loop
      vertex -49.895 -26.055 1.6
      vertex -50.4367 -34.06 1.6
      vertex -50.2805 -34.3768 1.6
    endloop
  endfacet
  facet normal -0 0 1
    outer loop
      vertex -51.1313 -9.84205 1.6
      vertex -49.895 -17.055 1.6
      vertex -50.8658 -9.60919 1.6
    endloop
  endfacet
  facet normal 0 0 1
    outer loop
      vertex -49.895 -26.055 1.6
      vertex -50.6329 -33.7663 1.6
      vertex -50.4367 -34.06 1.6
    endloop
  endfacet
  facet normal -0 0 1
    outer loop
      vertex -51.425 -10.0383 1.6
      vertex -49.895 -17.055 1.6
      vertex -51.1313 -9.84205 1.6
    endloop
  endfacet
  facet normal 0 0 1
    outer loop
      vertex -49.895 -26.055 1.6
      vertex -50.8658 -33.5008 1.6
      vertex -50.6329 -33.7663 1.6
    endloop
  endfacet
  facet normal -0 0 1
    outer loop
      vertex -51.7418 -10.1945 1.6
      vertex -49.895 -17.055 1.6
      vertex -51.425 -10.0383 1.6
    endloop
  endfacet
  facet normal 0 0 1
    outer loop
      vertex -49.895 -26.055 1.6
      vertex -51.1313 -33.2679 1.6
      vertex -50.8658 -33.5008 1.6
    endloop
  endfacet
  facet normal -0 0 1
    outer loop
      vertex -52.0762 -10.308 1.6
      vertex -49.895 -17.055 1.6
      vertex -51.7418 -10.1945 1.6
    endloop
  endfacet
  facet normal 0 0 1
    outer loop
      vertex -49.895 -26.055 1.6
      vertex -51.425 -33.0717 1.6
      vertex -51.1313 -33.2679 1.6
    endloop
  endfacet
  facet normal -0 0 1
    outer loop
      vertex -52.4226 -10.3769 1.6
      vertex -49.895 -17.055 1.6
      vertex -52.0762 -10.308 1.6
    endloop
  endfacet
  facet normal 0 0 1
    outer loop
      vertex -49.895 -26.055 1.6
      vertex -51.7418 -32.9155 1.6
      vertex -51.425 -33.0717 1.6
    endloop
  endfacet
  facet normal -0 0 1
    outer loop
      vertex -52.775 -10.4 1.6
      vertex -49.895 -17.055 1.6
      vertex -52.4226 -10.3769 1.6
    endloop
  endfacet
  facet normal 0 0 1
    outer loop
      vertex -49.895 -26.055 1.6
      vertex -52.0762 -32.802 1.6
      vertex -51.7418 -32.9155 1.6
    endloop
  endfacet
  facet normal 0 0 1
    outer loop
      vertex -53.1274 -10.3769 1.6
      vertex -49.895 -17.055 1.6
      vertex -52.775 -10.4 1.6
    endloop
  endfacet
  facet normal 0 0 1
    outer loop
      vertex -49.895 -26.055 1.6
      vertex -52.4226 -32.7331 1.6
      vertex -52.0762 -32.802 1.6
    endloop
  endfacet
  facet normal 0 0 1
    outer loop
      vertex -53.4738 -10.308 1.6
      vertex -49.895 -17.055 1.6
      vertex -53.1274 -10.3769 1.6
    endloop
  endfacet
  facet normal 0 0 1
    outer loop
      vertex -49.895 -26.055 1.6
      vertex -52.775 -32.71 1.6
      vertex -52.4226 -32.7331 1.6
    endloop
  endfacet
  facet normal 0 0 1
    outer loop
      vertex -53.8082 -10.1945 1.6
      vertex -49.895 -17.055 1.6
      vertex -53.4738 -10.308 1.6
    endloop
  endfacet
  facet normal 0 0 1
    outer loop
      vertex -49.895 -26.055 1.6
      vertex -53.1274 -32.7331 1.6
      vertex -52.775 -32.71 1.6
    endloop
  endfacet
  facet normal 0 0 1
    outer loop
      vertex -54.125 -10.0383 1.6
      vertex -49.895 -17.055 1.6
      vertex -53.8082 -10.1945 1.6
    endloop
  endfacet
  facet normal 0 0 1
    outer loop
      vertex -49.895 -26.055 1.6
      vertex -53.4738 -32.802 1.6
      vertex -53.1274 -32.7331 1.6
    endloop
  endfacet
  facet normal 0 0 1
    outer loop
      vertex -54.4187 -9.84205 1.6
      vertex -49.895 -17.055 1.6
      vertex -54.125 -10.0383 1.6
    endloop
  endfacet
  facet normal 0 0 1
    outer loop
      vertex -49.895 -26.055 1.6
      vertex -53.8082 -32.9155 1.6
      vertex -53.4738 -32.802 1.6
    endloop
  endfacet
  facet normal 0 0 1
    outer loop
      vertex -49.895 -17.055 1.6
      vertex -54.4187 -9.84205 1.6
      vertex -49.895 -26.055 1.6
    endloop
  endfacet
  facet normal 0 0 1
    outer loop
      vertex -49.895 -26.055 1.6
      vertex -54.125 -33.0717 1.6
      vertex -53.8082 -32.9155 1.6
    endloop
  endfacet
  facet normal 0 0 1
    outer loop
      vertex -54.4187 -33.2679 1.6
      vertex -49.895 -26.055 1.6
      vertex -54.4187 -9.84205 1.6
    endloop
  endfacet
  facet normal 0 0 1
    outer loop
      vertex -49.895 -26.055 1.6
      vertex -54.4187 -33.2679 1.6
      vertex -54.125 -33.0717 1.6
    endloop
  endfacet
  facet normal 0 0 1
    outer loop
      vertex -54.6842 -9.60919 1.6
      vertex -54.4187 -33.2679 1.6
      vertex -54.4187 -9.84205 1.6
    endloop
  endfacet
  facet normal 0 0 1
    outer loop
      vertex -54.6842 -9.60919 1.6
      vertex -54.6842 -33.5008 1.6
      vertex -54.4187 -33.2679 1.6
    endloop
  endfacet
  facet normal 0 0 1
    outer loop
      vertex -54.9171 -9.34366 1.6
      vertex -54.6842 -33.5008 1.6
      vertex -54.6842 -9.60919 1.6
    endloop
  endfacet
  facet normal 0 0 1
    outer loop
      vertex -54.9171 -9.34366 1.6
      vertex -54.9171 -33.7663 1.6
      vertex -54.6842 -33.5008 1.6
    endloop
  endfacet
  facet normal 0 0 1
    outer loop
      vertex -55.1133 -9.05 1.6
      vertex -54.9171 -33.7663 1.6
      vertex -54.9171 -9.34366 1.6
    endloop
  endfacet
  facet normal 0 0 1
    outer loop
      vertex -55.1133 -9.05 1.6
      vertex -55.1133 -34.06 1.6
      vertex -54.9171 -33.7663 1.6
    endloop
  endfacet
  facet normal 0 0 1
    outer loop
      vertex -55.2695 -8.73325 1.6
      vertex -55.1133 -34.06 1.6
      vertex -55.1133 -9.05 1.6
    endloop
  endfacet
  facet normal 0 0 1
    outer loop
      vertex -55.2695 -8.73325 1.6
      vertex -55.2695 -34.3768 1.6
      vertex -55.1133 -34.06 1.6
    endloop
  endfacet
  facet normal 0 0 1
    outer loop
      vertex -55.295 -8.65805 1.6
      vertex -55.2695 -34.3768 1.6
      vertex -55.2695 -8.73325 1.6
    endloop
  endfacet
  facet normal 0 0 1
    outer loop
      vertex -55.2695 -34.3768 1.6
      vertex -55.295 -8.65805 1.6
      vertex -55.295 -34.452 1.6
    endloop
  endfacet
  facet normal -0 0 1
    outer loop
      vertex -50.075 -7.7 1.6
      vertex -49.895 -17.055 1.6
      vertex -49.895 -5 1.6
    endloop
  endfacet
  facet normal -0 0 1
    outer loop
      vertex -50.0981 -8.05242 1.6
      vertex -49.895 -17.055 1.6
      vertex -50.075 -7.7 1.6
    endloop
  endfacet
  facet normal -0 0 1
    outer loop
      vertex -50.167 -8.39881 1.6
      vertex -49.895 -17.055 1.6
      vertex -50.0981 -8.05242 1.6
    endloop
  endfacet
  facet normal 0 0 1
    outer loop
      vertex -49.895 -5 1.6
      vertex -50.0981 -7.34758 1.6
      vertex -50.075 -7.7 1.6
    endloop
  endfacet
  facet normal 0 0 1
    outer loop
      vertex -49.895 -5 1.6
      vertex -50.167 -7.00119 1.6
      vertex -50.0981 -7.34758 1.6
    endloop
  endfacet
  facet normal 0 0 1
    outer loop
      vertex -49.895 -5 1.6
      vertex -50.2805 -6.66676 1.6
      vertex -50.167 -7.00119 1.6
    endloop
  endfacet
  facet normal 0 0 1
    outer loop
      vertex -49.895 -5 1.6
      vertex -50.4367 -6.35 1.6
      vertex -50.2805 -6.66676 1.6
    endloop
  endfacet
  facet normal 0 0 1
    outer loop
      vertex -49.895 -5 1.6
      vertex -50.6329 -6.05634 1.6
      vertex -50.4367 -6.35 1.6
    endloop
  endfacet
  facet normal 0 0 1
    outer loop
      vertex -49.895 -5 1.6
      vertex -50.8658 -5.79081 1.6
      vertex -50.6329 -6.05634 1.6
    endloop
  endfacet
  facet normal 0 0 1
    outer loop
      vertex -49.895 -5 1.6
      vertex -51.1313 -5.55795 1.6
      vertex -50.8658 -5.79081 1.6
    endloop
  endfacet
  facet normal 0 0 1
    outer loop
      vertex -49.895 -5 1.6
      vertex -51.425 -5.36173 1.6
      vertex -51.1313 -5.55795 1.6
    endloop
  endfacet
  facet normal 0 0 1
    outer loop
      vertex -49.895 -5 1.6
      vertex -51.7418 -5.20553 1.6
      vertex -51.425 -5.36173 1.6
    endloop
  endfacet
  facet normal 0 0 1
    outer loop
      vertex -49.895 -5 1.6
      vertex -52.0762 -5.092 1.6
      vertex -51.7418 -5.20553 1.6
    endloop
  endfacet
  facet normal 0 0 1
    outer loop
      vertex -49.895 -5 1.6
      vertex -52.4226 -5.0231 1.6
      vertex -52.0762 -5.092 1.6
    endloop
  endfacet
  facet normal 0 -0 1
    outer loop
      vertex -52.4226 -5.0231 1.6
      vertex -49.895 -5 1.6
      vertex -52.775 -5 1.6
    endloop
  endfacet
  facet normal 0 0 1
    outer loop
      vertex -49.895 -26.055 1.6
      vertex -50.075 -35.41 1.6
      vertex -49.895 -38.11 1.6
    endloop
  endfacet
  facet normal -0 0 1
    outer loop
      vertex -50.0981 -35.7624 1.6
      vertex -49.895 -38.11 1.6
      vertex -50.075 -35.41 1.6
    endloop
  endfacet
  facet normal -0 0 1
    outer loop
      vertex -50.167 -36.1088 1.6
      vertex -49.895 -38.11 1.6
      vertex -50.0981 -35.7624 1.6
    endloop
  endfacet
  facet normal -0 0 1
    outer loop
      vertex -50.2805 -36.4432 1.6
      vertex -49.895 -38.11 1.6
      vertex -50.167 -36.1088 1.6
    endloop
  endfacet
  facet normal -0 0 1
    outer loop
      vertex -50.4367 -36.76 1.6
      vertex -49.895 -38.11 1.6
      vertex -50.2805 -36.4432 1.6
    endloop
  endfacet
  facet normal -0 0 1
    outer loop
      vertex -50.6329 -37.0537 1.6
      vertex -49.895 -38.11 1.6
      vertex -50.4367 -36.76 1.6
    endloop
  endfacet
  facet normal -0 0 1
    outer loop
      vertex -50.8658 -37.3192 1.6
      vertex -49.895 -38.11 1.6
      vertex -50.6329 -37.0537 1.6
    endloop
  endfacet
  facet normal -0 0 1
    outer loop
      vertex -51.1313 -37.5521 1.6
      vertex -49.895 -38.11 1.6
      vertex -50.8658 -37.3192 1.6
    endloop
  endfacet
  facet normal -0 0 1
    outer loop
      vertex -51.425 -37.7483 1.6
      vertex -49.895 -38.11 1.6
      vertex -51.1313 -37.5521 1.6
    endloop
  endfacet
  facet normal -0 0 1
    outer loop
      vertex -51.7418 -37.9045 1.6
      vertex -49.895 -38.11 1.6
      vertex -51.425 -37.7483 1.6
    endloop
  endfacet
  facet normal -0 0 1
    outer loop
      vertex -52.0762 -38.018 1.6
      vertex -49.895 -38.11 1.6
      vertex -51.7418 -37.9045 1.6
    endloop
  endfacet
  facet normal -0 0 1
    outer loop
      vertex -52.4226 -38.0869 1.6
      vertex -49.895 -38.11 1.6
      vertex -52.0762 -38.018 1.6
    endloop
  endfacet
  facet normal 0 0 1
    outer loop
      vertex -49.895 -38.11 1.6
      vertex -52.4226 -38.0869 1.6
      vertex -52.775 -38.11 1.6
    endloop
  endfacet
  facet normal -0 0 1
    outer loop
      vertex -55.295 -5 1.6
      vertex -53.1274 -5.0231 1.6
      vertex -52.775 -5 1.6
    endloop
  endfacet
  facet normal 0 0 1
    outer loop
      vertex -55.295 -5 1.6
      vertex -53.4738 -5.092 1.6
      vertex -53.1274 -5.0231 1.6
    endloop
  endfacet
  facet normal 0 0 1
    outer loop
      vertex -55.295 -5 1.6
      vertex -53.8082 -5.20553 1.6
      vertex -53.4738 -5.092 1.6
    endloop
  endfacet
  facet normal 0 0 1
    outer loop
      vertex -55.295 -5 1.6
      vertex -54.125 -5.36173 1.6
      vertex -53.8082 -5.20553 1.6
    endloop
  endfacet
  facet normal 0 0 1
    outer loop
      vertex -55.295 -5 1.6
      vertex -54.4187 -5.55795 1.6
      vertex -54.125 -5.36173 1.6
    endloop
  endfacet
  facet normal 0 0 1
    outer loop
      vertex -55.295 -5 1.6
      vertex -54.6842 -5.79081 1.6
      vertex -54.4187 -5.55795 1.6
    endloop
  endfacet
  facet normal 0 0 1
    outer loop
      vertex -55.295 -5 1.6
      vertex -54.9171 -6.05634 1.6
      vertex -54.6842 -5.79081 1.6
    endloop
  endfacet
  facet normal 0 0 1
    outer loop
      vertex -55.295 -5 1.6
      vertex -55.1133 -6.35 1.6
      vertex -54.9171 -6.05634 1.6
    endloop
  endfacet
  facet normal 0 0 1
    outer loop
      vertex -55.295 -5 1.6
      vertex -55.2695 -6.66676 1.6
      vertex -55.1133 -6.35 1.6
    endloop
  endfacet
  facet normal 0 0 1
    outer loop
      vertex -55.2695 -6.66676 1.6
      vertex -55.295 -5 1.6
      vertex -55.295 -6.74195 1.6
    endloop
  endfacet
  facet normal 0 0 1
    outer loop
      vertex -53.1274 -38.0869 1.6
      vertex -55.295 -38.11 1.6
      vertex -52.775 -38.11 1.6
    endloop
  endfacet
  facet normal 0 0 1
    outer loop
      vertex -53.4738 -38.018 1.6
      vertex -55.295 -38.11 1.6
      vertex -53.1274 -38.0869 1.6
    endloop
  endfacet
  facet normal 0 0 1
    outer loop
      vertex -53.8082 -37.9045 1.6
      vertex -55.295 -38.11 1.6
      vertex -53.4738 -38.018 1.6
    endloop
  endfacet
  facet normal 0 0 1
    outer loop
      vertex -54.125 -37.7483 1.6
      vertex -55.295 -38.11 1.6
      vertex -53.8082 -37.9045 1.6
    endloop
  endfacet
  facet normal 0 0 1
    outer loop
      vertex -54.4187 -37.5521 1.6
      vertex -55.295 -38.11 1.6
      vertex -54.125 -37.7483 1.6
    endloop
  endfacet
  facet normal 0 0 1
    outer loop
      vertex -54.6842 -37.3192 1.6
      vertex -55.295 -38.11 1.6
      vertex -54.4187 -37.5521 1.6
    endloop
  endfacet
  facet normal 0 0 1
    outer loop
      vertex -54.9171 -37.0537 1.6
      vertex -55.295 -38.11 1.6
      vertex -54.6842 -37.3192 1.6
    endloop
  endfacet
  facet normal 0 0 1
    outer loop
      vertex -55.1133 -36.76 1.6
      vertex -55.295 -38.11 1.6
      vertex -54.9171 -37.0537 1.6
    endloop
  endfacet
  facet normal 0 0 1
    outer loop
      vertex -55.2695 -36.4432 1.6
      vertex -55.295 -38.11 1.6
      vertex -55.1133 -36.76 1.6
    endloop
  endfacet
  facet normal 0 0 1
    outer loop
      vertex -55.295 -38.11 1.6
      vertex -55.2695 -36.4432 1.6
      vertex -55.295 -36.368 1.6
    endloop
  endfacet
  facet normal 0 0 1
    outer loop
      vertex 55.295 -5 1.6
      vertex 55.2695 -6.66676 1.6
      vertex 55.295 -6.74195 1.6
    endloop
  endfacet
  facet normal 0 0 1
    outer loop
      vertex 55.295 -5 1.6
      vertex 55.1133 -6.35 1.6
      vertex 55.2695 -6.66676 1.6
    endloop
  endfacet
  facet normal 0 0 1
    outer loop
      vertex 55.295 -5 1.6
      vertex 54.9171 -6.05634 1.6
      vertex 55.1133 -6.35 1.6
    endloop
  endfacet
  facet normal 0 0 1
    outer loop
      vertex 55.295 -5 1.6
      vertex 54.6842 -5.79081 1.6
      vertex 54.9171 -6.05634 1.6
    endloop
  endfacet
  facet normal 0 0 1
    outer loop
      vertex 55.295 -5 1.6
      vertex 54.4187 -5.55795 1.6
      vertex 54.6842 -5.79081 1.6
    endloop
  endfacet
  facet normal 0 0 1
    outer loop
      vertex 55.295 -5 1.6
      vertex 54.125 -5.36173 1.6
      vertex 54.4187 -5.55795 1.6
    endloop
  endfacet
  facet normal 0 0 1
    outer loop
      vertex 55.295 -5 1.6
      vertex 53.8082 -5.20553 1.6
      vertex 54.125 -5.36173 1.6
    endloop
  endfacet
  facet normal 0 0 1
    outer loop
      vertex 55.295 -5 1.6
      vertex 53.4738 -5.092 1.6
      vertex 53.8082 -5.20553 1.6
    endloop
  endfacet
  facet normal 0 0 1
    outer loop
      vertex 55.295 -5 1.6
      vertex 53.1274 -5.0231 1.6
      vertex 53.4738 -5.092 1.6
    endloop
  endfacet
  facet normal 0 -0 1
    outer loop
      vertex 53.1274 -5.0231 1.6
      vertex 55.295 -5 1.6
      vertex 52.775 -5 1.6
    endloop
  endfacet
  facet normal -0 0 1
    outer loop
      vertex 55.2695 -36.4432 1.6
      vertex 55.295 -38.11 1.6
      vertex 55.295 -36.368 1.6
    endloop
  endfacet
  facet normal -0 0 1
    outer loop
      vertex 55.1133 -36.76 1.6
      vertex 55.295 -38.11 1.6
      vertex 55.2695 -36.4432 1.6
    endloop
  endfacet
  facet normal -0 0 1
    outer loop
      vertex 54.9171 -37.0537 1.6
      vertex 55.295 -38.11 1.6
      vertex 55.1133 -36.76 1.6
    endloop
  endfacet
  facet normal -0 0 1
    outer loop
      vertex 54.6842 -37.3192 1.6
      vertex 55.295 -38.11 1.6
      vertex 54.9171 -37.0537 1.6
    endloop
  endfacet
  facet normal -0 0 1
    outer loop
      vertex 54.4187 -37.5521 1.6
      vertex 55.295 -38.11 1.6
      vertex 54.6842 -37.3192 1.6
    endloop
  endfacet
  facet normal -0 0 1
    outer loop
      vertex 54.125 -37.7483 1.6
      vertex 55.295 -38.11 1.6
      vertex 54.4187 -37.5521 1.6
    endloop
  endfacet
  facet normal -0 0 1
    outer loop
      vertex 53.8082 -37.9045 1.6
      vertex 55.295 -38.11 1.6
      vertex 54.125 -37.7483 1.6
    endloop
  endfacet
  facet normal -0 0 1
    outer loop
      vertex 53.4738 -38.018 1.6
      vertex 55.295 -38.11 1.6
      vertex 53.8082 -37.9045 1.6
    endloop
  endfacet
  facet normal -0 0 1
    outer loop
      vertex 53.1274 -38.0869 1.6
      vertex 55.295 -38.11 1.6
      vertex 53.4738 -38.018 1.6
    endloop
  endfacet
  facet normal 0 0 1
    outer loop
      vertex 55.295 -38.11 1.6
      vertex 53.1274 -38.0869 1.6
      vertex 52.775 -38.11 1.6
    endloop
  endfacet
  facet normal 0 1 -0
    outer loop
      vertex 55.295 -5 0
      vertex 52.775 -5 1.6
      vertex 55.295 -5 1.6
    endloop
  endfacet
  facet normal 0 1 0
    outer loop
      vertex 49.895 -5 0
      vertex 52.775 -5 1.6
      vertex 55.295 -5 0
    endloop
  endfacet
  facet normal 0 1 0
    outer loop
      vertex 52.775 -5 1.6
      vertex 49.895 -5 0
      vertex 49.895 -5 1.6
    endloop
  endfacet
  facet normal -1 0 0
    outer loop
      vertex 49.895 -17.055 0
      vertex 49.895 -5 1.6
      vertex 49.895 -5 0
    endloop
  endfacet
  facet normal -1 -0 0
    outer loop
      vertex 49.895 -5 1.6
      vertex 49.895 -17.055 0
      vertex 49.895 -17.055 1.6
    endloop
  endfacet
  facet normal -1 0 0
    outer loop
      vertex 49.895 -38.11 0
      vertex 49.895 -26.055 1.6
      vertex 49.895 -26.055 0
    endloop
  endfacet
  facet normal -1 -0 0
    outer loop
      vertex 49.895 -26.055 1.6
      vertex 49.895 -38.11 0
      vertex 49.895 -38.11 1.6
    endloop
  endfacet
  facet normal 0 0 -1
    outer loop
      vertex -55.295 -38.11 0
      vertex -49.895 -26.055 0
      vertex -49.895 -38.11 0
    endloop
  endfacet
  facet normal -0 0 -1
    outer loop
      vertex -49.895 -26.055 0
      vertex -55.295 -38.11 0
      vertex -49.895 -17.055 0
    endloop
  endfacet
  facet normal 0 0 -1
    outer loop
      vertex -55.295 -5 0
      vertex -49.895 -17.055 0
      vertex -55.295 -38.11 0
    endloop
  endfacet
  facet normal 0 0 -1
    outer loop
      vertex -49.895 -17.055 0
      vertex -55.295 -5 0
      vertex -49.895 -5 0
    endloop
  endfacet
  facet normal 0 0 -1
    outer loop
      vertex 49.895 -26.055 0
      vertex 37.5 -17.055 0
      vertex 49.895 -17.055 0
    endloop
  endfacet
  facet normal 0 0 -1
    outer loop
      vertex 37.5 -17.055 0
      vertex 32.5 -17.055 0
      vertex 37.5 -3 0
    endloop
  endfacet
  facet normal 0 0 -1
    outer loop
      vertex 49.895 -26.055 0
      vertex 32.5 -17.055 0
      vertex 37.5 -17.055 0
    endloop
  endfacet
  facet normal 0 0 -1
    outer loop
      vertex 49.895 -26.055 0
      vertex -32.5 -17.055 0
      vertex 32.5 -17.055 0
    endloop
  endfacet
  facet normal 0 0 -1
    outer loop
      vertex -32.5 -17.055 0
      vertex -37.5 -17.055 0
      vertex -32.5 -3 0
    endloop
  endfacet
  facet normal 0 0 -1
    outer loop
      vertex -49.895 -26.055 0
      vertex -32.5 -17.055 0
      vertex 49.895 -26.055 0
    endloop
  endfacet
  facet normal -0 0 -1
    outer loop
      vertex -32.5 -17.055 0
      vertex -49.895 -26.055 0
      vertex -37.5 -17.055 0
    endloop
  endfacet
  facet normal -0 0 -1
    outer loop
      vertex -37.5 -17.055 0
      vertex -49.895 -26.055 0
      vertex -49.895 -17.055 0
    endloop
  endfacet
  facet normal 0 0 -1
    outer loop
      vertex 49.895 -26.055 0
      vertex 55.295 -38.11 0
      vertex 49.895 -38.11 0
    endloop
  endfacet
  facet normal 0 0 -1
    outer loop
      vertex 55.295 -38.11 0
      vertex 49.895 -26.055 0
      vertex 55.295 -5 0
    endloop
  endfacet
  facet normal 0 0 -1
    outer loop
      vertex 49.895 -17.055 0
      vertex 55.295 -5 0
      vertex 49.895 -26.055 0
    endloop
  endfacet
  facet normal -0 0 -1
    outer loop
      vertex 55.295 -5 0
      vertex 49.895 -17.055 0
      vertex 49.895 -5 0
    endloop
  endfacet
  facet normal 0 0 -1
    outer loop
      vertex 47.3 -3 0
      vertex 46.1 0 0
      vertex 47.3 21.5 0
    endloop
  endfacet
  facet normal 0 0 -1
    outer loop
      vertex 47.3 -3 0
      vertex 43.9 0 0
      vertex 46.1 0 0
    endloop
  endfacet
  facet normal 0 0 -1
    outer loop
      vertex 42.7 0 0
      vertex 43.9 19.7 0
      vertex 43.9 0 0
    endloop
  endfacet
  facet normal 0 0 -1
    outer loop
      vertex 42.7 21.5 0
      vertex 43.9 19.7 0
      vertex 42.7 0 0
    endloop
  endfacet
  facet normal 0 0 -1
    outer loop
      vertex 47.3 -3 0
      vertex 42.7 0 0
      vertex 43.9 0 0
    endloop
  endfacet
  facet normal 0 0 -1
    outer loop
      vertex 37.5 -3 0
      vertex 42.7 0 0
      vertex 47.3 -3 0
    endloop
  endfacet
  facet normal 0 0 -1
    outer loop
      vertex 32.5 -3 0
      vertex 37.5 -3 0
      vertex 32.5 -17.055 0
    endloop
  endfacet
  facet normal 0 0 -1
    outer loop
      vertex 32.5 -3 0
      vertex 42.7 0 0
      vertex 37.5 -3 0
    endloop
  endfacet
  facet normal 0 0 -1
    outer loop
      vertex -32.5 -3 0
      vertex 42.7 0 0
      vertex 32.5 -3 0
    endloop
  endfacet
  facet normal 0 0 -1
    outer loop
      vertex -37.5 -3 0
      vertex -32.5 -3 0
      vertex -37.5 -17.055 0
    endloop
  endfacet
  facet normal 0 0 -1
    outer loop
      vertex -42.7 0 0
      vertex -32.5 -3 0
      vertex -37.5 -3 0
    endloop
  endfacet
  facet normal 0 0 -1
    outer loop
      vertex -32.5 -3 0
      vertex -42.7 0 0
      vertex 42.7 0 0
    endloop
  endfacet
  facet normal 0 0 -1
    outer loop
      vertex -43.9 19.7 0
      vertex -42.7 0 0
      vertex -43.9 0 0
    endloop
  endfacet
  facet normal 0 0 -1
    outer loop
      vertex -47.3 -3 0
      vertex -42.7 0 0
      vertex -37.5 -3 0
    endloop
  endfacet
  facet normal -0 0 -1
    outer loop
      vertex -42.7 0 0
      vertex -47.3 -3 0
      vertex -43.9 0 0
    endloop
  endfacet
  facet normal 0 0 -1
    outer loop
      vertex -47.3 21.5 0
      vertex -46.1 19.7 0
      vertex -46.1 0 0
    endloop
  endfacet
  facet normal -0 0 -1
    outer loop
      vertex -43.9 0 0
      vertex -47.3 -3 0
      vertex -46.1 0 0
    endloop
  endfacet
  facet normal 0 0 -1
    outer loop
      vertex -47.3 21.5 0
      vertex -46.1 0 0
      vertex -47.3 -3 0
    endloop
  endfacet
  facet normal 0 0 -1
    outer loop
      vertex -46.1 19.7 0
      vertex -47.3 21.5 0
      vertex -46.1 21.5 0
    endloop
  endfacet
  facet normal 0 0 -1
    outer loop
      vertex 46.1 19.7 0
      vertex 47.3 21.5 0
      vertex 46.1 0 0
    endloop
  endfacet
  facet normal 0 0 -1
    outer loop
      vertex 46.1 19.7 0
      vertex 46.1 21.5 0
      vertex 47.3 21.5 0
    endloop
  endfacet
  facet normal 0 -0 -1
    outer loop
      vertex 46.1 21.5 0
      vertex 46.1 19.7 0
      vertex 45.45 19.7 0
    endloop
  endfacet
  facet normal 0 0 -1
    outer loop
      vertex 44.55 19.7 0
      vertex 43.9 19.7 0
      vertex 43.9 21.5 0
    endloop
  endfacet
  facet normal 0 0 -1
    outer loop
      vertex 43.9 19.7 0
      vertex 42.7 21.5 0
      vertex 43.9 21.5 0
    endloop
  endfacet
  facet normal 0 0 -1
    outer loop
      vertex -42.7 0 0
      vertex -43.9 19.7 0
      vertex -42.7 21.5 0
    endloop
  endfacet
  facet normal 0 0 -1
    outer loop
      vertex -43.9 19.7 0
      vertex -43.9 21.5 0
      vertex -42.7 21.5 0
    endloop
  endfacet
  facet normal 0 -0 -1
    outer loop
      vertex -43.9 21.5 0
      vertex -43.9 19.7 0
      vertex -44.55 19.7 0
    endloop
  endfacet
  facet normal 0 0 -1
    outer loop
      vertex -45.45 19.7 0
      vertex -46.1 19.7 0
      vertex -46.1 21.5 0
    endloop
  endfacet
  facet normal 1 0 0
    outer loop
      vertex 55.295 -36.368 1.6
      vertex 55.295 -38.11 1.6
      vertex 55.295 -36.368 1.59
    endloop
  endfacet
  facet normal 1 0 0
    outer loop
      vertex 55.295 -8.65805 1.6
      vertex 55.295 -34.452 1.6
      vertex 55.295 -8.65805 1.59
    endloop
  endfacet
  facet normal 1 0 0
    outer loop
      vertex 55.295 -6.74195 1.59
      vertex 55.295 -5 1.6
      vertex 55.295 -6.74195 1.6
    endloop
  endfacet
  facet normal 1 0 0
    outer loop
      vertex 55.295 -5 1.6
      vertex 55.295 -6.74195 1.59
      vertex 55.295 -5 0
    endloop
  endfacet
  facet normal 1 -0 0
    outer loop
      vertex 55.295 -8.65805 1.59
      vertex 55.295 -5 0
      vertex 55.295 -6.74195 1.59
    endloop
  endfacet
  facet normal 1 0 0
    outer loop
      vertex 55.295 -34.452 1.59
      vertex 55.295 -8.65805 1.59
      vertex 55.295 -34.452 1.6
    endloop
  endfacet
  facet normal 1 0 0
    outer loop
      vertex 55.295 -8.65805 1.59
      vertex 55.295 -34.452 1.59
      vertex 55.295 -5 0
    endloop
  endfacet
  facet normal 1 0 0
    outer loop
      vertex 55.295 -38.11 0
      vertex 55.295 -34.452 1.59
      vertex 55.295 -36.368 1.59
    endloop
  endfacet
  facet normal 1 0 0
    outer loop
      vertex 55.295 -38.11 0
      vertex 55.295 -36.368 1.59
      vertex 55.295 -38.11 1.6
    endloop
  endfacet
  facet normal 1 0 0
    outer loop
      vertex 55.295 -34.452 1.59
      vertex 55.295 -38.11 0
      vertex 55.295 -5 0
    endloop
  endfacet
  facet normal 0 -1 0
    outer loop
      vertex -55.295 -38.11 0
      vertex -52.775 -38.11 1.6
      vertex -55.295 -38.11 1.6
    endloop
  endfacet
  facet normal 0 -1 0
    outer loop
      vertex -49.895 -38.11 0
      vertex -52.775 -38.11 1.6
      vertex -55.295 -38.11 0
    endloop
  endfacet
  facet normal 0 -1 0
    outer loop
      vertex -52.775 -38.11 1.6
      vertex -49.895 -38.11 0
      vertex -49.895 -38.11 1.6
    endloop
  endfacet
  facet normal 0 1 -0
    outer loop
      vertex -49.895 -5 0
      vertex -52.775 -5 1.6
      vertex -49.895 -5 1.6
    endloop
  endfacet
  facet normal 0 1 0
    outer loop
      vertex -55.295 -5 0
      vertex -52.775 -5 1.6
      vertex -49.895 -5 0
    endloop
  endfacet
  facet normal 0 1 0
    outer loop
      vertex -52.775 -5 1.6
      vertex -55.295 -5 0
      vertex -55.295 -5 1.6
    endloop
  endfacet
  facet normal -1 0 0
    outer loop
      vertex -55.295 -5 0
      vertex -55.295 -6.74195 1.59
      vertex -55.295 -5 1.6
    endloop
  endfacet
  facet normal -1 0 0
    outer loop
      vertex -55.295 -5 0
      vertex -55.295 -8.65805 1.59
      vertex -55.295 -6.74195 1.59
    endloop
  endfacet
  facet normal -1 0 0
    outer loop
      vertex -55.295 -8.65805 1.59
      vertex -55.295 -34.452 1.59
      vertex -55.295 -8.65805 1.6
    endloop
  endfacet
  facet normal -1 0 0
    outer loop
      vertex -55.295 -5 0
      vertex -55.295 -34.452 1.59
      vertex -55.295 -8.65805 1.59
    endloop
  endfacet
  facet normal -1 0 0
    outer loop
      vertex -55.295 -38.11 0
      vertex -55.295 -34.452 1.59
      vertex -55.295 -5 0
    endloop
  endfacet
  facet normal -1 -0 0
    outer loop
      vertex -55.295 -34.452 1.59
      vertex -55.295 -38.11 0
      vertex -55.295 -36.368 1.59
    endloop
  endfacet
  facet normal -1 0 0
    outer loop
      vertex -55.295 -38.11 1.6
      vertex -55.295 -36.368 1.59
      vertex -55.295 -38.11 0
    endloop
  endfacet
  facet normal -1 0 0
    outer loop
      vertex -55.295 -36.368 1.59
      vertex -55.295 -38.11 1.6
      vertex -55.295 -36.368 1.6
    endloop
  endfacet
  facet normal -1 -0 0
    outer loop
      vertex -55.295 -5 1.6
      vertex -55.295 -6.74195 1.59
      vertex -55.295 -6.74195 1.6
    endloop
  endfacet
  facet normal -1 -0 0
    outer loop
      vertex -55.295 -8.65805 1.6
      vertex -55.295 -34.452 1.59
      vertex -55.295 -34.452 1.6
    endloop
  endfacet
  facet normal 1 -0 0
    outer loop
      vertex -49.895 -17.055 1.6
      vertex -49.895 -5 0
      vertex -49.895 -5 1.6
    endloop
  endfacet
  facet normal 1 0 0
    outer loop
      vertex -49.895 -5 0
      vertex -49.895 -17.055 1.6
      vertex -49.895 -17.055 0
    endloop
  endfacet
  facet normal 1 -0 0
    outer loop
      vertex -49.895 -38.11 1.6
      vertex -49.895 -26.055 0
      vertex -49.895 -26.055 1.6
    endloop
  endfacet
  facet normal 1 0 0
    outer loop
      vertex -49.895 -26.055 0
      vertex -49.895 -38.11 1.6
      vertex -49.895 -38.11 0
    endloop
  endfacet
  facet normal 0 -1 0
    outer loop
      vertex -49.895 -26.055 0
      vertex 49.895 -26.055 1.6
      vertex -49.895 -26.055 1.6
    endloop
  endfacet
  facet normal 0 -1 -0
    outer loop
      vertex 49.895 -26.055 1.6
      vertex -49.895 -26.055 0
      vertex 49.895 -26.055 0
    endloop
  endfacet
  facet normal 0 1 -0
    outer loop
      vertex 49.895 -17.055 0
      vertex 37.5 -17.055 1.6
      vertex 49.895 -17.055 1.6
    endloop
  endfacet
  facet normal 0 1 0
    outer loop
      vertex 37.5 -17.055 1.6
      vertex 49.895 -17.055 0
      vertex 37.5 -17.055 0
    endloop
  endfacet
  facet normal 0 1 -0
    outer loop
      vertex -37.5 -17.055 0
      vertex -49.895 -17.055 1.6
      vertex -37.5 -17.055 1.6
    endloop
  endfacet
  facet normal 0 1 0
    outer loop
      vertex -49.895 -17.055 1.6
      vertex -37.5 -17.055 0
      vertex -49.895 -17.055 0
    endloop
  endfacet
  facet normal 0 1 -0
    outer loop
      vertex 32.5 -17.055 0
      vertex -32.5 -17.055 1.6
      vertex 32.5 -17.055 1.6
    endloop
  endfacet
  facet normal 0 1 0
    outer loop
      vertex -32.5 -17.055 1.6
      vertex 32.5 -17.055 0
      vertex -32.5 -17.055 0
    endloop
  endfacet
  facet normal 0.555484 -0.831527 0
    outer loop
      vertex 52.2271 -34.696 1.6
      vertex 52.325 -34.6306 7.1
      vertex 52.2271 -34.696 7.1
    endloop
  endfacet
  facet normal 0.555484 -0.831527 0
    outer loop
      vertex 52.325 -34.6306 7.1
      vertex 52.2271 -34.696 1.6
      vertex 52.325 -34.6306 1.6
    endloop
  endfacet
  facet normal 0.980711 -0.195462 0
    outer loop
      vertex 51.8827 -35.2925 7.1
      vertex 51.9057 -35.1771 1.6
      vertex 51.9057 -35.1771 7.1
    endloop
  endfacet
  facet normal 0.980711 -0.195462 0
    outer loop
      vertex 51.9057 -35.1771 1.6
      vertex 51.8827 -35.2925 7.1
      vertex 51.8827 -35.2925 1.6
    endloop
  endfacet
  facet normal 0.947057 -0.321065 0
    outer loop
      vertex 51.9057 -35.1771 7.1
      vertex 51.9435 -35.0656 1.6
      vertex 51.9435 -35.0656 7.1
    endloop
  endfacet
  facet normal 0.947057 -0.321065 0
    outer loop
      vertex 51.9435 -35.0656 1.6
      vertex 51.9057 -35.1771 7.1
      vertex 51.9057 -35.1771 1.6
    endloop
  endfacet
  facet normal 0.947057 0.321065 0
    outer loop
      vertex 51.9435 -35.7544 7.1
      vertex 51.9057 -35.6429 1.6
      vertex 51.9057 -35.6429 7.1
    endloop
  endfacet
  facet normal 0.947057 0.321065 0
    outer loop
      vertex 51.9057 -35.6429 1.6
      vertex 51.9435 -35.7544 7.1
      vertex 51.9435 -35.7544 1.6
    endloop
  endfacet
  facet normal 0.442452 0.896792 -0
    outer loop
      vertex 52.4306 -36.2415 1.6
      vertex 52.325 -36.1894 7.1
      vertex 52.4306 -36.2415 7.1
    endloop
  endfacet
  facet normal 0.442452 0.896792 0
    outer loop
      vertex 52.325 -36.1894 7.1
      vertex 52.4306 -36.2415 1.6
      vertex 52.325 -36.1894 1.6
    endloop
  endfacet
  facet normal -0.195462 -0.980711 0
    outer loop
      vertex 52.8925 -34.5177 1.6
      vertex 53.0079 -34.5407 7.1
      vertex 52.8925 -34.5177 7.1
    endloop
  endfacet
  facet normal -0.195462 -0.980711 -0
    outer loop
      vertex 53.0079 -34.5407 7.1
      vertex 52.8925 -34.5177 1.6
      vertex 53.0079 -34.5407 1.6
    endloop
  endfacet
  facet normal 0.751892 -0.659286 0
    outer loop
      vertex 52.061 -34.8621 7.1
      vertex 52.1386 -34.7736 1.6
      vertex 52.1386 -34.7736 7.1
    endloop
  endfacet
  facet normal 0.751892 -0.659286 0
    outer loop
      vertex 52.1386 -34.7736 1.6
      vertex 52.061 -34.8621 7.1
      vertex 52.061 -34.8621 1.6
    endloop
  endfacet
  facet normal 0.831527 -0.555484 0
    outer loop
      vertex 51.9956 -34.96 7.1
      vertex 52.061 -34.8621 1.6
      vertex 52.061 -34.8621 7.1
    endloop
  endfacet
  facet normal 0.831527 -0.555484 0
    outer loop
      vertex 52.061 -34.8621 1.6
      vertex 51.9956 -34.96 7.1
      vertex 51.9956 -34.96 1.6
    endloop
  endfacet
  facet normal 0.0653917 0.99786 -0
    outer loop
      vertex 52.775 -36.31 1.6
      vertex 52.6575 -36.3023 7.1
      vertex 52.775 -36.31 7.1
    endloop
  endfacet
  facet normal 0.0653917 0.99786 0
    outer loop
      vertex 52.6575 -36.3023 7.1
      vertex 52.775 -36.31 1.6
      vertex 52.6575 -36.3023 1.6
    endloop
  endfacet
  facet normal 0.659286 0.751892 -0
    outer loop
      vertex 52.2271 -36.124 1.6
      vertex 52.1386 -36.0464 7.1
      vertex 52.2271 -36.124 7.1
    endloop
  endfacet
  facet normal 0.659286 0.751892 0
    outer loop
      vertex 52.1386 -36.0464 7.1
      vertex 52.2271 -36.124 1.6
      vertex 52.1386 -36.0464 1.6
    endloop
  endfacet
  facet normal 0.980711 0.195462 0
    outer loop
      vertex 51.9057 -35.6429 7.1
      vertex 51.8827 -35.5275 1.6
      vertex 51.8827 -35.5275 7.1
    endloop
  endfacet
  facet normal 0.980711 0.195462 0
    outer loop
      vertex 51.8827 -35.5275 1.6
      vertex 51.9057 -35.6429 7.1
      vertex 51.9057 -35.6429 1.6
    endloop
  endfacet
  facet normal 0.751892 0.659286 0
    outer loop
      vertex 52.1386 -36.0464 7.1
      vertex 52.061 -35.9579 1.6
      vertex 52.061 -35.9579 7.1
    endloop
  endfacet
  facet normal 0.751892 0.659286 0
    outer loop
      vertex 52.061 -35.9579 1.6
      vertex 52.1386 -36.0464 7.1
      vertex 52.1386 -36.0464 1.6
    endloop
  endfacet
  facet normal 0.0653917 -0.99786 0
    outer loop
      vertex 52.6575 -34.5177 1.6
      vertex 52.775 -34.51 7.1
      vertex 52.6575 -34.5177 7.1
    endloop
  endfacet
  facet normal 0.0653917 -0.99786 0
    outer loop
      vertex 52.775 -34.51 7.1
      vertex 52.6575 -34.5177 1.6
      vertex 52.775 -34.51 1.6
    endloop
  endfacet
  facet normal -0.831527 -0.555484 0
    outer loop
      vertex 53.5544 -34.96 1.6
      vertex 53.489 -34.8621 7.1
      vertex 53.489 -34.8621 1.6
    endloop
  endfacet
  facet normal -0.831527 -0.555484 0
    outer loop
      vertex 53.489 -34.8621 7.1
      vertex 53.5544 -34.96 1.6
      vertex 53.5544 -34.96 7.1
    endloop
  endfacet
  facet normal -0.321065 -0.947057 0
    outer loop
      vertex 53.0079 -34.5407 1.6
      vertex 53.1194 -34.5785 7.1
      vertex 53.0079 -34.5407 7.1
    endloop
  endfacet
  facet normal -0.321065 -0.947057 -0
    outer loop
      vertex 53.1194 -34.5785 7.1
      vertex 53.0079 -34.5407 1.6
      vertex 53.1194 -34.5785 1.6
    endloop
  endfacet
  facet normal -0.751892 0.659286 0
    outer loop
      vertex 53.4114 -36.0464 1.6
      vertex 53.489 -35.9579 7.1
      vertex 53.489 -35.9579 1.6
    endloop
  endfacet
  facet normal -0.751892 0.659286 0
    outer loop
      vertex 53.489 -35.9579 7.1
      vertex 53.4114 -36.0464 1.6
      vertex 53.4114 -36.0464 7.1
    endloop
  endfacet
  facet normal -0.442452 0.896792 0
    outer loop
      vertex 53.225 -36.1894 1.6
      vertex 53.1194 -36.2415 7.1
      vertex 53.225 -36.1894 7.1
    endloop
  endfacet
  facet normal -0.442452 0.896792 0
    outer loop
      vertex 53.1194 -36.2415 7.1
      vertex 53.225 -36.1894 1.6
      vertex 53.1194 -36.2415 1.6
    endloop
  endfacet
  facet normal 0.659286 -0.751892 0
    outer loop
      vertex 52.1386 -34.7736 1.6
      vertex 52.2271 -34.696 7.1
      vertex 52.1386 -34.7736 7.1
    endloop
  endfacet
  facet normal 0.659286 -0.751892 0
    outer loop
      vertex 52.2271 -34.696 7.1
      vertex 52.1386 -34.7736 1.6
      vertex 52.2271 -34.696 1.6
    endloop
  endfacet
  facet normal 0.99786 0.0653917 0
    outer loop
      vertex 51.8827 -35.5275 7.1
      vertex 51.875 -35.41 1.6
      vertex 51.875 -35.41 7.1
    endloop
  endfacet
  facet normal 0.99786 0.0653917 0
    outer loop
      vertex 51.875 -35.41 1.6
      vertex 51.8827 -35.5275 7.1
      vertex 51.8827 -35.5275 1.6
    endloop
  endfacet
  facet normal 0.896792 -0.442452 0
    outer loop
      vertex 51.9435 -35.0656 7.1
      vertex 51.9956 -34.96 1.6
      vertex 51.9956 -34.96 7.1
    endloop
  endfacet
  facet normal 0.896792 -0.442452 0
    outer loop
      vertex 51.9956 -34.96 1.6
      vertex 51.9435 -35.0656 7.1
      vertex 51.9435 -35.0656 1.6
    endloop
  endfacet
  facet normal 0.321065 0.947057 -0
    outer loop
      vertex 52.5421 -36.2793 1.6
      vertex 52.4306 -36.2415 7.1
      vertex 52.5421 -36.2793 7.1
    endloop
  endfacet
  facet normal 0.321065 0.947057 0
    outer loop
      vertex 52.4306 -36.2415 7.1
      vertex 52.5421 -36.2793 1.6
      vertex 52.4306 -36.2415 1.6
    endloop
  endfacet
  facet normal 0.195462 0.980711 -0
    outer loop
      vertex 52.6575 -36.3023 1.6
      vertex 52.5421 -36.2793 7.1
      vertex 52.6575 -36.3023 7.1
    endloop
  endfacet
  facet normal 0.195462 0.980711 0
    outer loop
      vertex 52.5421 -36.2793 7.1
      vertex 52.6575 -36.3023 1.6
      vertex 52.5421 -36.2793 1.6
    endloop
  endfacet
  facet normal 0.555484 0.831527 -0
    outer loop
      vertex 52.325 -36.1894 1.6
      vertex 52.2271 -36.124 7.1
      vertex 52.325 -36.1894 7.1
    endloop
  endfacet
  facet normal 0.555484 0.831527 0
    outer loop
      vertex 52.2271 -36.124 7.1
      vertex 52.325 -36.1894 1.6
      vertex 52.2271 -36.124 1.6
    endloop
  endfacet
  facet normal 0.831527 0.555484 0
    outer loop
      vertex 52.061 -35.9579 7.1
      vertex 51.9956 -35.86 1.6
      vertex 51.9956 -35.86 7.1
    endloop
  endfacet
  facet normal 0.831527 0.555484 0
    outer loop
      vertex 51.9956 -35.86 1.6
      vertex 52.061 -35.9579 7.1
      vertex 52.061 -35.9579 1.6
    endloop
  endfacet
  facet normal 0.896792 0.442452 0
    outer loop
      vertex 51.9956 -35.86 7.1
      vertex 51.9435 -35.7544 1.6
      vertex 51.9435 -35.7544 7.1
    endloop
  endfacet
  facet normal 0.896792 0.442452 0
    outer loop
      vertex 51.9435 -35.7544 1.6
      vertex 51.9956 -35.86 7.1
      vertex 51.9956 -35.86 1.6
    endloop
  endfacet
  facet normal -0.555484 -0.831527 0
    outer loop
      vertex 53.225 -34.6306 1.6
      vertex 53.3229 -34.696 7.1
      vertex 53.225 -34.6306 7.1
    endloop
  endfacet
  facet normal -0.555484 -0.831527 -0
    outer loop
      vertex 53.3229 -34.696 7.1
      vertex 53.225 -34.6306 1.6
      vertex 53.3229 -34.696 1.6
    endloop
  endfacet
  facet normal -0.99786 -0.0653917 0
    outer loop
      vertex 53.675 -35.41 1.6
      vertex 53.6673 -35.2925 7.1
      vertex 53.6673 -35.2925 1.6
    endloop
  endfacet
  facet normal -0.99786 -0.0653917 0
    outer loop
      vertex 53.6673 -35.2925 7.1
      vertex 53.675 -35.41 1.6
      vertex 53.675 -35.41 7.1
    endloop
  endfacet
  facet normal 0 0 1
    outer loop
      vertex 53.6673 -35.2925 1.6
      vertex 53.6673 -35.5275 1.6
      vertex 53.675 -35.41 1.6
    endloop
  endfacet
  facet normal 0 0 1
    outer loop
      vertex 53.6443 -35.1771 1.6
      vertex 53.6673 -35.5275 1.6
      vertex 53.6673 -35.2925 1.6
    endloop
  endfacet
  facet normal 0 0 1
    outer loop
      vertex 53.6443 -35.1771 1.6
      vertex 53.6443 -35.6429 1.6
      vertex 53.6673 -35.5275 1.6
    endloop
  endfacet
  facet normal 0 0 1
    outer loop
      vertex 53.6065 -35.0656 1.6
      vertex 53.6443 -35.6429 1.6
      vertex 53.6443 -35.1771 1.6
    endloop
  endfacet
  facet normal 0 0 1
    outer loop
      vertex 53.6065 -35.0656 1.6
      vertex 53.6065 -35.7544 1.6
      vertex 53.6443 -35.6429 1.6
    endloop
  endfacet
  facet normal 0 0 1
    outer loop
      vertex 53.5544 -34.96 1.6
      vertex 53.6065 -35.7544 1.6
      vertex 53.6065 -35.0656 1.6
    endloop
  endfacet
  facet normal 0 0 1
    outer loop
      vertex 53.5544 -34.96 1.6
      vertex 53.5544 -35.86 1.6
      vertex 53.6065 -35.7544 1.6
    endloop
  endfacet
  facet normal 0 0 1
    outer loop
      vertex 53.489 -34.8621 1.6
      vertex 53.5544 -35.86 1.6
      vertex 53.5544 -34.96 1.6
    endloop
  endfacet
  facet normal 0 0 1
    outer loop
      vertex 53.489 -34.8621 1.6
      vertex 53.489 -35.9579 1.6
      vertex 53.5544 -35.86 1.6
    endloop
  endfacet
  facet normal 0 0 1
    outer loop
      vertex 53.4114 -34.7736 1.6
      vertex 53.489 -35.9579 1.6
      vertex 53.489 -34.8621 1.6
    endloop
  endfacet
  facet normal 0 0 1
    outer loop
      vertex 53.4114 -34.7736 1.6
      vertex 53.4114 -36.0464 1.6
      vertex 53.489 -35.9579 1.6
    endloop
  endfacet
  facet normal 0 0 1
    outer loop
      vertex 53.3229 -34.696 1.6
      vertex 53.4114 -36.0464 1.6
      vertex 53.4114 -34.7736 1.6
    endloop
  endfacet
  facet normal 0 0 1
    outer loop
      vertex 53.3229 -34.696 1.6
      vertex 53.3229 -36.124 1.6
      vertex 53.4114 -36.0464 1.6
    endloop
  endfacet
  facet normal 0 0 1
    outer loop
      vertex 53.225 -34.6306 1.6
      vertex 53.3229 -36.124 1.6
      vertex 53.3229 -34.696 1.6
    endloop
  endfacet
  facet normal 0 0 1
    outer loop
      vertex 53.225 -34.6306 1.6
      vertex 53.225 -36.1894 1.6
      vertex 53.3229 -36.124 1.6
    endloop
  endfacet
  facet normal 0 0 1
    outer loop
      vertex 53.1194 -34.5785 1.6
      vertex 53.225 -36.1894 1.6
      vertex 53.225 -34.6306 1.6
    endloop
  endfacet
  facet normal 0 0 1
    outer loop
      vertex 53.1194 -34.5785 1.6
      vertex 53.1194 -36.2415 1.6
      vertex 53.225 -36.1894 1.6
    endloop
  endfacet
  facet normal 0 0 1
    outer loop
      vertex 53.0079 -34.5407 1.6
      vertex 53.1194 -36.2415 1.6
      vertex 53.1194 -34.5785 1.6
    endloop
  endfacet
  facet normal 0 0 1
    outer loop
      vertex 53.0079 -34.5407 1.6
      vertex 53.0079 -36.2793 1.6
      vertex 53.1194 -36.2415 1.6
    endloop
  endfacet
  facet normal 0 0 1
    outer loop
      vertex 52.8925 -34.5177 1.6
      vertex 53.0079 -36.2793 1.6
      vertex 53.0079 -34.5407 1.6
    endloop
  endfacet
  facet normal 0 0 1
    outer loop
      vertex 52.8925 -34.5177 1.6
      vertex 52.8925 -36.3023 1.6
      vertex 53.0079 -36.2793 1.6
    endloop
  endfacet
  facet normal 0 0 1
    outer loop
      vertex 52.775 -34.51 1.6
      vertex 52.8925 -36.3023 1.6
      vertex 52.8925 -34.5177 1.6
    endloop
  endfacet
  facet normal 0 0 1
    outer loop
      vertex 52.775 -34.51 1.6
      vertex 52.775 -36.31 1.6
      vertex 52.8925 -36.3023 1.6
    endloop
  endfacet
  facet normal -0 0 1
    outer loop
      vertex 52.6575 -34.5177 1.6
      vertex 52.775 -36.31 1.6
      vertex 52.775 -34.51 1.6
    endloop
  endfacet
  facet normal 0 0 1
    outer loop
      vertex 52.6575 -34.5177 1.6
      vertex 52.6575 -36.3023 1.6
      vertex 52.775 -36.31 1.6
    endloop
  endfacet
  facet normal -0 0 1
    outer loop
      vertex 52.5421 -34.5407 1.6
      vertex 52.6575 -36.3023 1.6
      vertex 52.6575 -34.5177 1.6
    endloop
  endfacet
  facet normal 0 0 1
    outer loop
      vertex 52.5421 -34.5407 1.6
      vertex 52.5421 -36.2793 1.6
      vertex 52.6575 -36.3023 1.6
    endloop
  endfacet
  facet normal -0 0 1
    outer loop
      vertex 52.4306 -34.5785 1.6
      vertex 52.5421 -36.2793 1.6
      vertex 52.5421 -34.5407 1.6
    endloop
  endfacet
  facet normal 0 0 1
    outer loop
      vertex 52.4306 -34.5785 1.6
      vertex 52.4306 -36.2415 1.6
      vertex 52.5421 -36.2793 1.6
    endloop
  endfacet
  facet normal -0 0 1
    outer loop
      vertex 52.325 -34.6306 1.6
      vertex 52.4306 -36.2415 1.6
      vertex 52.4306 -34.5785 1.6
    endloop
  endfacet
  facet normal 0 0 1
    outer loop
      vertex 52.325 -34.6306 1.6
      vertex 52.325 -36.1894 1.6
      vertex 52.4306 -36.2415 1.6
    endloop
  endfacet
  facet normal -0 0 1
    outer loop
      vertex 52.2271 -34.696 1.6
      vertex 52.325 -36.1894 1.6
      vertex 52.325 -34.6306 1.6
    endloop
  endfacet
  facet normal 0 0 1
    outer loop
      vertex 52.2271 -34.696 1.6
      vertex 52.2271 -36.124 1.6
      vertex 52.325 -36.1894 1.6
    endloop
  endfacet
  facet normal -0 0 1
    outer loop
      vertex 52.1386 -34.7736 1.6
      vertex 52.2271 -36.124 1.6
      vertex 52.2271 -34.696 1.6
    endloop
  endfacet
  facet normal 0 0 1
    outer loop
      vertex 52.1386 -34.7736 1.6
      vertex 52.1386 -36.0464 1.6
      vertex 52.2271 -36.124 1.6
    endloop
  endfacet
  facet normal -0 0 1
    outer loop
      vertex 52.061 -34.8621 1.6
      vertex 52.1386 -36.0464 1.6
      vertex 52.1386 -34.7736 1.6
    endloop
  endfacet
  facet normal 0 0 1
    outer loop
      vertex 52.061 -34.8621 1.6
      vertex 52.061 -35.9579 1.6
      vertex 52.1386 -36.0464 1.6
    endloop
  endfacet
  facet normal -0 0 1
    outer loop
      vertex 51.9956 -34.96 1.6
      vertex 52.061 -35.9579 1.6
      vertex 52.061 -34.8621 1.6
    endloop
  endfacet
  facet normal 0 0 1
    outer loop
      vertex 51.9956 -34.96 1.6
      vertex 51.9956 -35.86 1.6
      vertex 52.061 -35.9579 1.6
    endloop
  endfacet
  facet normal -0 0 1
    outer loop
      vertex 51.9435 -35.0656 1.6
      vertex 51.9956 -35.86 1.6
      vertex 51.9956 -34.96 1.6
    endloop
  endfacet
  facet normal 0 0 1
    outer loop
      vertex 51.9435 -35.0656 1.6
      vertex 51.9435 -35.7544 1.6
      vertex 51.9956 -35.86 1.6
    endloop
  endfacet
  facet normal -0 0 1
    outer loop
      vertex 51.9057 -35.1771 1.6
      vertex 51.9435 -35.7544 1.6
      vertex 51.9435 -35.0656 1.6
    endloop
  endfacet
  facet normal 0 0 1
    outer loop
      vertex 51.9057 -35.1771 1.6
      vertex 51.9057 -35.6429 1.6
      vertex 51.9435 -35.7544 1.6
    endloop
  endfacet
  facet normal -0 0 1
    outer loop
      vertex 51.8827 -35.2925 1.6
      vertex 51.9057 -35.6429 1.6
      vertex 51.9057 -35.1771 1.6
    endloop
  endfacet
  facet normal 0 0 1
    outer loop
      vertex 51.8827 -35.2925 1.6
      vertex 51.8827 -35.5275 1.6
      vertex 51.9057 -35.6429 1.6
    endloop
  endfacet
  facet normal 0 -0 1
    outer loop
      vertex 51.8827 -35.5275 1.6
      vertex 51.8827 -35.2925 1.6
      vertex 51.875 -35.41 1.6
    endloop
  endfacet
  facet normal -0.555484 0.831527 0
    outer loop
      vertex 53.3229 -36.124 1.6
      vertex 53.225 -36.1894 7.1
      vertex 53.3229 -36.124 7.1
    endloop
  endfacet
  facet normal -0.555484 0.831527 0
    outer loop
      vertex 53.225 -36.1894 7.1
      vertex 53.3229 -36.124 1.6
      vertex 53.225 -36.1894 1.6
    endloop
  endfacet
  facet normal -0.980711 -0.195462 0
    outer loop
      vertex 53.6673 -35.2925 1.6
      vertex 53.6443 -35.1771 7.1
      vertex 53.6443 -35.1771 1.6
    endloop
  endfacet
  facet normal -0.980711 -0.195462 0
    outer loop
      vertex 53.6443 -35.1771 7.1
      vertex 53.6673 -35.2925 1.6
      vertex 53.6673 -35.2925 7.1
    endloop
  endfacet
  facet normal -0.896792 -0.442452 0
    outer loop
      vertex 53.6065 -35.0656 1.6
      vertex 53.5544 -34.96 7.1
      vertex 53.5544 -34.96 1.6
    endloop
  endfacet
  facet normal -0.896792 -0.442452 0
    outer loop
      vertex 53.5544 -34.96 7.1
      vertex 53.6065 -35.0656 1.6
      vertex 53.6065 -35.0656 7.1
    endloop
  endfacet
  facet normal 0.442452 -0.896792 0
    outer loop
      vertex 52.325 -34.6306 1.6
      vertex 52.4306 -34.5785 7.1
      vertex 52.325 -34.6306 7.1
    endloop
  endfacet
  facet normal 0.442452 -0.896792 0
    outer loop
      vertex 52.4306 -34.5785 7.1
      vertex 52.325 -34.6306 1.6
      vertex 52.4306 -34.5785 1.6
    endloop
  endfacet
  facet normal 0.321065 -0.947057 0
    outer loop
      vertex 52.4306 -34.5785 1.6
      vertex 52.5421 -34.5407 7.1
      vertex 52.4306 -34.5785 7.1
    endloop
  endfacet
  facet normal 0.321065 -0.947057 0
    outer loop
      vertex 52.5421 -34.5407 7.1
      vertex 52.4306 -34.5785 1.6
      vertex 52.5421 -34.5407 1.6
    endloop
  endfacet
  facet normal 0.195462 -0.980711 0
    outer loop
      vertex 52.5421 -34.5407 1.6
      vertex 52.6575 -34.5177 7.1
      vertex 52.5421 -34.5407 7.1
    endloop
  endfacet
  facet normal 0.195462 -0.980711 0
    outer loop
      vertex 52.6575 -34.5177 7.1
      vertex 52.5421 -34.5407 1.6
      vertex 52.6575 -34.5177 1.6
    endloop
  endfacet
  facet normal 0.99786 -0.0653917 0
    outer loop
      vertex 51.875 -35.41 7.1
      vertex 51.8827 -35.2925 1.6
      vertex 51.8827 -35.2925 7.1
    endloop
  endfacet
  facet normal 0.99786 -0.0653917 0
    outer loop
      vertex 51.8827 -35.2925 1.6
      vertex 51.875 -35.41 7.1
      vertex 51.875 -35.41 1.6
    endloop
  endfacet
  facet normal -0.0653917 -0.99786 0
    outer loop
      vertex 52.775 -34.51 1.6
      vertex 52.8925 -34.5177 7.1
      vertex 52.775 -34.51 7.1
    endloop
  endfacet
  facet normal -0.0653917 -0.99786 -0
    outer loop
      vertex 52.8925 -34.5177 7.1
      vertex 52.775 -34.51 1.6
      vertex 52.8925 -34.5177 1.6
    endloop
  endfacet
  facet normal -0.659286 -0.751892 0
    outer loop
      vertex 53.3229 -34.696 1.6
      vertex 53.4114 -34.7736 7.1
      vertex 53.3229 -34.696 7.1
    endloop
  endfacet
  facet normal -0.659286 -0.751892 -0
    outer loop
      vertex 53.4114 -34.7736 7.1
      vertex 53.3229 -34.696 1.6
      vertex 53.4114 -34.7736 1.6
    endloop
  endfacet
  facet normal -0.442452 -0.896792 0
    outer loop
      vertex 53.1194 -34.5785 1.6
      vertex 53.225 -34.6306 7.1
      vertex 53.1194 -34.5785 7.1
    endloop
  endfacet
  facet normal -0.442452 -0.896792 -0
    outer loop
      vertex 53.225 -34.6306 7.1
      vertex 53.1194 -34.5785 1.6
      vertex 53.225 -34.6306 1.6
    endloop
  endfacet
  facet normal -0.980711 0.195462 0
    outer loop
      vertex 53.6443 -35.6429 1.6
      vertex 53.6673 -35.5275 7.1
      vertex 53.6673 -35.5275 1.6
    endloop
  endfacet
  facet normal -0.980711 0.195462 0
    outer loop
      vertex 53.6673 -35.5275 7.1
      vertex 53.6443 -35.6429 1.6
      vertex 53.6443 -35.6429 7.1
    endloop
  endfacet
  facet normal -0.321065 0.947057 0
    outer loop
      vertex 53.1194 -36.2415 1.6
      vertex 53.0079 -36.2793 7.1
      vertex 53.1194 -36.2415 7.1
    endloop
  endfacet
  facet normal -0.321065 0.947057 0
    outer loop
      vertex 53.0079 -36.2793 7.1
      vertex 53.1194 -36.2415 1.6
      vertex 53.0079 -36.2793 1.6
    endloop
  endfacet
  facet normal -0.195462 0.980711 0
    outer loop
      vertex 53.0079 -36.2793 1.6
      vertex 52.8925 -36.3023 7.1
      vertex 53.0079 -36.2793 7.1
    endloop
  endfacet
  facet normal -0.195462 0.980711 0
    outer loop
      vertex 52.8925 -36.3023 7.1
      vertex 53.0079 -36.2793 1.6
      vertex 52.8925 -36.3023 1.6
    endloop
  endfacet
  facet normal -0.0653917 0.99786 0
    outer loop
      vertex 52.8925 -36.3023 1.6
      vertex 52.775 -36.31 7.1
      vertex 52.8925 -36.3023 7.1
    endloop
  endfacet
  facet normal -0.0653917 0.99786 0
    outer loop
      vertex 52.775 -36.31 7.1
      vertex 52.8925 -36.3023 1.6
      vertex 52.775 -36.31 1.6
    endloop
  endfacet
  facet normal -0.659286 0.751892 0
    outer loop
      vertex 53.4114 -36.0464 1.6
      vertex 53.3229 -36.124 7.1
      vertex 53.4114 -36.0464 7.1
    endloop
  endfacet
  facet normal -0.659286 0.751892 0
    outer loop
      vertex 53.3229 -36.124 7.1
      vertex 53.4114 -36.0464 1.6
      vertex 53.3229 -36.124 1.6
    endloop
  endfacet
  facet normal -0.947057 -0.321065 0
    outer loop
      vertex 53.6443 -35.1771 1.6
      vertex 53.6065 -35.0656 7.1
      vertex 53.6065 -35.0656 1.6
    endloop
  endfacet
  facet normal -0.947057 -0.321065 0
    outer loop
      vertex 53.6065 -35.0656 7.1
      vertex 53.6443 -35.1771 1.6
      vertex 53.6443 -35.1771 7.1
    endloop
  endfacet
  facet normal -0.751892 -0.659286 0
    outer loop
      vertex 53.489 -34.8621 1.6
      vertex 53.4114 -34.7736 7.1
      vertex 53.4114 -34.7736 1.6
    endloop
  endfacet
  facet normal -0.751892 -0.659286 0
    outer loop
      vertex 53.4114 -34.7736 7.1
      vertex 53.489 -34.8621 1.6
      vertex 53.489 -34.8621 7.1
    endloop
  endfacet
  facet normal -0.99786 0.0653917 0
    outer loop
      vertex 53.6673 -35.5275 1.6
      vertex 53.675 -35.41 7.1
      vertex 53.675 -35.41 1.6
    endloop
  endfacet
  facet normal -0.99786 0.0653917 0
    outer loop
      vertex 53.675 -35.41 7.1
      vertex 53.6673 -35.5275 1.6
      vertex 53.6673 -35.5275 7.1
    endloop
  endfacet
  facet normal -0.947057 0.321065 0
    outer loop
      vertex 53.6065 -35.7544 1.6
      vertex 53.6443 -35.6429 7.1
      vertex 53.6443 -35.6429 1.6
    endloop
  endfacet
  facet normal -0.947057 0.321065 0
    outer loop
      vertex 53.6443 -35.6429 7.1
      vertex 53.6065 -35.7544 1.6
      vertex 53.6065 -35.7544 7.1
    endloop
  endfacet
  facet normal -0.896792 0.442452 0
    outer loop
      vertex 53.5544 -35.86 1.6
      vertex 53.6065 -35.7544 7.1
      vertex 53.6065 -35.7544 1.6
    endloop
  endfacet
  facet normal -0.896792 0.442452 0
    outer loop
      vertex 53.6065 -35.7544 7.1
      vertex 53.5544 -35.86 1.6
      vertex 53.5544 -35.86 7.1
    endloop
  endfacet
  facet normal -0.831527 0.555484 0
    outer loop
      vertex 53.489 -35.9579 1.6
      vertex 53.5544 -35.86 7.1
      vertex 53.5544 -35.86 1.6
    endloop
  endfacet
  facet normal -0.831527 0.555484 0
    outer loop
      vertex 53.5544 -35.86 7.1
      vertex 53.489 -35.9579 1.6
      vertex 53.489 -35.9579 7.1
    endloop
  endfacet
  facet normal 0.831527 -0.555484 0
    outer loop
      vertex -53.5544 -34.96 7.1
      vertex -53.489 -34.8621 1.6
      vertex -53.489 -34.8621 7.1
    endloop
  endfacet
  facet normal 0.831527 -0.555484 0
    outer loop
      vertex -53.489 -34.8621 1.6
      vertex -53.5544 -34.96 7.1
      vertex -53.5544 -34.96 1.6
    endloop
  endfacet
  facet normal -0.0653917 -0.99786 0
    outer loop
      vertex -52.775 -34.51 1.6
      vertex -52.6575 -34.5177 7.1
      vertex -52.775 -34.51 7.1
    endloop
  endfacet
  facet normal -0.0653917 -0.99786 -0
    outer loop
      vertex -52.6575 -34.5177 7.1
      vertex -52.775 -34.51 1.6
      vertex -52.6575 -34.5177 1.6
    endloop
  endfacet
  facet normal -0.947057 0.321065 0
    outer loop
      vertex -51.9435 -35.7544 1.6
      vertex -51.9057 -35.6429 7.1
      vertex -51.9057 -35.6429 1.6
    endloop
  endfacet
  facet normal -0.947057 0.321065 0
    outer loop
      vertex -51.9057 -35.6429 7.1
      vertex -51.9435 -35.7544 1.6
      vertex -51.9435 -35.7544 7.1
    endloop
  endfacet
  facet normal 0.947057 0.321065 0
    outer loop
      vertex -53.6065 -35.7544 7.1
      vertex -53.6443 -35.6429 1.6
      vertex -53.6443 -35.6429 7.1
    endloop
  endfacet
  facet normal 0.947057 0.321065 0
    outer loop
      vertex -53.6443 -35.6429 1.6
      vertex -53.6065 -35.7544 7.1
      vertex -53.6065 -35.7544 1.6
    endloop
  endfacet
  facet normal 0.442452 0.896792 -0
    outer loop
      vertex -53.1194 -36.2415 1.6
      vertex -53.225 -36.1894 7.1
      vertex -53.1194 -36.2415 7.1
    endloop
  endfacet
  facet normal 0.442452 0.896792 0
    outer loop
      vertex -53.225 -36.1894 7.1
      vertex -53.1194 -36.2415 1.6
      vertex -53.225 -36.1894 1.6
    endloop
  endfacet
  facet normal -0.442452 0.896792 0
    outer loop
      vertex -52.325 -36.1894 1.6
      vertex -52.4306 -36.2415 7.1
      vertex -52.325 -36.1894 7.1
    endloop
  endfacet
  facet normal -0.442452 0.896792 0
    outer loop
      vertex -52.4306 -36.2415 7.1
      vertex -52.325 -36.1894 1.6
      vertex -52.4306 -36.2415 1.6
    endloop
  endfacet
  facet normal 0.321065 -0.947057 0
    outer loop
      vertex -53.1194 -34.5785 1.6
      vertex -53.0079 -34.5407 7.1
      vertex -53.1194 -34.5785 7.1
    endloop
  endfacet
  facet normal 0.321065 -0.947057 0
    outer loop
      vertex -53.0079 -34.5407 7.1
      vertex -53.1194 -34.5785 1.6
      vertex -53.0079 -34.5407 1.6
    endloop
  endfacet
  facet normal 0.751892 -0.659286 0
    outer loop
      vertex -53.489 -34.8621 7.1
      vertex -53.4114 -34.7736 1.6
      vertex -53.4114 -34.7736 7.1
    endloop
  endfacet
  facet normal 0.751892 -0.659286 0
    outer loop
      vertex -53.4114 -34.7736 1.6
      vertex -53.489 -34.8621 7.1
      vertex -53.489 -34.8621 1.6
    endloop
  endfacet
  facet normal 0.896792 -0.442452 0
    outer loop
      vertex -53.6065 -35.0656 7.1
      vertex -53.5544 -34.96 1.6
      vertex -53.5544 -34.96 7.1
    endloop
  endfacet
  facet normal 0.896792 -0.442452 0
    outer loop
      vertex -53.5544 -34.96 1.6
      vertex -53.6065 -35.0656 7.1
      vertex -53.6065 -35.0656 1.6
    endloop
  endfacet
  facet normal 0.980711 -0.195462 0
    outer loop
      vertex -53.6673 -35.2925 7.1
      vertex -53.6443 -35.1771 1.6
      vertex -53.6443 -35.1771 7.1
    endloop
  endfacet
  facet normal 0.980711 -0.195462 0
    outer loop
      vertex -53.6443 -35.1771 1.6
      vertex -53.6673 -35.2925 7.1
      vertex -53.6673 -35.2925 1.6
    endloop
  endfacet
  facet normal 0.0653917 0.99786 -0
    outer loop
      vertex -52.775 -36.31 1.6
      vertex -52.8925 -36.3023 7.1
      vertex -52.775 -36.31 7.1
    endloop
  endfacet
  facet normal 0.0653917 0.99786 0
    outer loop
      vertex -52.8925 -36.3023 7.1
      vertex -52.775 -36.31 1.6
      vertex -52.8925 -36.3023 1.6
    endloop
  endfacet
  facet normal 0.195462 0.980711 -0
    outer loop
      vertex -52.8925 -36.3023 1.6
      vertex -53.0079 -36.2793 7.1
      vertex -52.8925 -36.3023 7.1
    endloop
  endfacet
  facet normal 0.195462 0.980711 0
    outer loop
      vertex -53.0079 -36.2793 7.1
      vertex -52.8925 -36.3023 1.6
      vertex -53.0079 -36.2793 1.6
    endloop
  endfacet
  facet normal 0.659286 0.751892 -0
    outer loop
      vertex -53.3229 -36.124 1.6
      vertex -53.4114 -36.0464 7.1
      vertex -53.3229 -36.124 7.1
    endloop
  endfacet
  facet normal 0.659286 0.751892 0
    outer loop
      vertex -53.4114 -36.0464 7.1
      vertex -53.3229 -36.124 1.6
      vertex -53.4114 -36.0464 1.6
    endloop
  endfacet
  facet normal 0.980711 0.195462 0
    outer loop
      vertex -53.6443 -35.6429 7.1
      vertex -53.6673 -35.5275 1.6
      vertex -53.6673 -35.5275 7.1
    endloop
  endfacet
  facet normal 0.980711 0.195462 0
    outer loop
      vertex -53.6673 -35.5275 1.6
      vertex -53.6443 -35.6429 7.1
      vertex -53.6443 -35.6429 1.6
    endloop
  endfacet
  facet normal 0.751892 0.659286 0
    outer loop
      vertex -53.4114 -36.0464 7.1
      vertex -53.489 -35.9579 1.6
      vertex -53.489 -35.9579 7.1
    endloop
  endfacet
  facet normal 0.751892 0.659286 0
    outer loop
      vertex -53.489 -35.9579 1.6
      vertex -53.4114 -36.0464 7.1
      vertex -53.4114 -36.0464 1.6
    endloop
  endfacet
  facet normal 0.0653917 -0.99786 0
    outer loop
      vertex -52.8925 -34.5177 1.6
      vertex -52.775 -34.51 7.1
      vertex -52.8925 -34.5177 7.1
    endloop
  endfacet
  facet normal 0.0653917 -0.99786 0
    outer loop
      vertex -52.775 -34.51 7.1
      vertex -52.8925 -34.5177 1.6
      vertex -52.775 -34.51 1.6
    endloop
  endfacet
  facet normal -0.555484 -0.831527 0
    outer loop
      vertex -52.325 -34.6306 1.6
      vertex -52.2271 -34.696 7.1
      vertex -52.325 -34.6306 7.1
    endloop
  endfacet
  facet normal -0.555484 -0.831527 -0
    outer loop
      vertex -52.2271 -34.696 7.1
      vertex -52.325 -34.6306 1.6
      vertex -52.2271 -34.696 1.6
    endloop
  endfacet
  facet normal -0.947057 -0.321065 0
    outer loop
      vertex -51.9057 -35.1771 1.6
      vertex -51.9435 -35.0656 7.1
      vertex -51.9435 -35.0656 1.6
    endloop
  endfacet
  facet normal -0.947057 -0.321065 0
    outer loop
      vertex -51.9435 -35.0656 7.1
      vertex -51.9057 -35.1771 1.6
      vertex -51.9057 -35.1771 7.1
    endloop
  endfacet
  facet normal -0.659286 -0.751892 0
    outer loop
      vertex -52.2271 -34.696 1.6
      vertex -52.1386 -34.7736 7.1
      vertex -52.2271 -34.696 7.1
    endloop
  endfacet
  facet normal -0.659286 -0.751892 -0
    outer loop
      vertex -52.1386 -34.7736 7.1
      vertex -52.2271 -34.696 1.6
      vertex -52.1386 -34.7736 1.6
    endloop
  endfacet
  facet normal -0.831527 -0.555484 0
    outer loop
      vertex -51.9956 -34.96 1.6
      vertex -52.061 -34.8621 7.1
      vertex -52.061 -34.8621 1.6
    endloop
  endfacet
  facet normal -0.831527 -0.555484 0
    outer loop
      vertex -52.061 -34.8621 7.1
      vertex -51.9956 -34.96 1.6
      vertex -51.9956 -34.96 7.1
    endloop
  endfacet
  facet normal -0.99786 0.0653917 0
    outer loop
      vertex -51.8827 -35.5275 1.6
      vertex -51.875 -35.41 7.1
      vertex -51.875 -35.41 1.6
    endloop
  endfacet
  facet normal -0.99786 0.0653917 0
    outer loop
      vertex -51.875 -35.41 7.1
      vertex -51.8827 -35.5275 1.6
      vertex -51.8827 -35.5275 7.1
    endloop
  endfacet
  facet normal -0.831527 0.555484 0
    outer loop
      vertex -52.061 -35.9579 1.6
      vertex -51.9956 -35.86 7.1
      vertex -51.9956 -35.86 1.6
    endloop
  endfacet
  facet normal -0.831527 0.555484 0
    outer loop
      vertex -51.9956 -35.86 7.1
      vertex -52.061 -35.9579 1.6
      vertex -52.061 -35.9579 7.1
    endloop
  endfacet
  facet normal -0.751892 0.659286 0
    outer loop
      vertex -52.1386 -36.0464 1.6
      vertex -52.061 -35.9579 7.1
      vertex -52.061 -35.9579 1.6
    endloop
  endfacet
  facet normal -0.751892 0.659286 0
    outer loop
      vertex -52.061 -35.9579 7.1
      vertex -52.1386 -36.0464 1.6
      vertex -52.1386 -36.0464 7.1
    endloop
  endfacet
  facet normal -0.0653917 0.99786 0
    outer loop
      vertex -52.6575 -36.3023 1.6
      vertex -52.775 -36.31 7.1
      vertex -52.6575 -36.3023 7.1
    endloop
  endfacet
  facet normal -0.0653917 0.99786 0
    outer loop
      vertex -52.775 -36.31 7.1
      vertex -52.6575 -36.3023 1.6
      vertex -52.775 -36.31 1.6
    endloop
  endfacet
  facet normal 0 0 1
    outer loop
      vertex -51.8827 -35.2925 1.6
      vertex -51.8827 -35.5275 1.6
      vertex -51.875 -35.41 1.6
    endloop
  endfacet
  facet normal 0 0 1
    outer loop
      vertex -51.9057 -35.1771 1.6
      vertex -51.8827 -35.5275 1.6
      vertex -51.8827 -35.2925 1.6
    endloop
  endfacet
  facet normal 0 0 1
    outer loop
      vertex -51.9057 -35.1771 1.6
      vertex -51.9057 -35.6429 1.6
      vertex -51.8827 -35.5275 1.6
    endloop
  endfacet
  facet normal 0 0 1
    outer loop
      vertex -51.9435 -35.0656 1.6
      vertex -51.9057 -35.6429 1.6
      vertex -51.9057 -35.1771 1.6
    endloop
  endfacet
  facet normal 0 0 1
    outer loop
      vertex -51.9435 -35.0656 1.6
      vertex -51.9435 -35.7544 1.6
      vertex -51.9057 -35.6429 1.6
    endloop
  endfacet
  facet normal 0 0 1
    outer loop
      vertex -51.9956 -34.96 1.6
      vertex -51.9435 -35.7544 1.6
      vertex -51.9435 -35.0656 1.6
    endloop
  endfacet
  facet normal 0 0 1
    outer loop
      vertex -51.9956 -34.96 1.6
      vertex -51.9956 -35.86 1.6
      vertex -51.9435 -35.7544 1.6
    endloop
  endfacet
  facet normal 0 0 1
    outer loop
      vertex -52.061 -34.8621 1.6
      vertex -51.9956 -35.86 1.6
      vertex -51.9956 -34.96 1.6
    endloop
  endfacet
  facet normal 0 0 1
    outer loop
      vertex -52.061 -34.8621 1.6
      vertex -52.061 -35.9579 1.6
      vertex -51.9956 -35.86 1.6
    endloop
  endfacet
  facet normal 0 0 1
    outer loop
      vertex -52.1386 -34.7736 1.6
      vertex -52.061 -35.9579 1.6
      vertex -52.061 -34.8621 1.6
    endloop
  endfacet
  facet normal 0 0 1
    outer loop
      vertex -52.1386 -34.7736 1.6
      vertex -52.1386 -36.0464 1.6
      vertex -52.061 -35.9579 1.6
    endloop
  endfacet
  facet normal 0 0 1
    outer loop
      vertex -52.2271 -34.696 1.6
      vertex -52.1386 -36.0464 1.6
      vertex -52.1386 -34.7736 1.6
    endloop
  endfacet
  facet normal 0 0 1
    outer loop
      vertex -52.2271 -34.696 1.6
      vertex -52.2271 -36.124 1.6
      vertex -52.1386 -36.0464 1.6
    endloop
  endfacet
  facet normal 0 0 1
    outer loop
      vertex -52.325 -34.6306 1.6
      vertex -52.2271 -36.124 1.6
      vertex -52.2271 -34.696 1.6
    endloop
  endfacet
  facet normal 0 0 1
    outer loop
      vertex -52.325 -34.6306 1.6
      vertex -52.325 -36.1894 1.6
      vertex -52.2271 -36.124 1.6
    endloop
  endfacet
  facet normal 0 0 1
    outer loop
      vertex -52.4306 -34.5785 1.6
      vertex -52.325 -36.1894 1.6
      vertex -52.325 -34.6306 1.6
    endloop
  endfacet
  facet normal 0 0 1
    outer loop
      vertex -52.4306 -34.5785 1.6
      vertex -52.4306 -36.2415 1.6
      vertex -52.325 -36.1894 1.6
    endloop
  endfacet
  facet normal 0 0 1
    outer loop
      vertex -52.5421 -34.5407 1.6
      vertex -52.4306 -36.2415 1.6
      vertex -52.4306 -34.5785 1.6
    endloop
  endfacet
  facet normal 0 0 1
    outer loop
      vertex -52.5421 -34.5407 1.6
      vertex -52.5421 -36.2793 1.6
      vertex -52.4306 -36.2415 1.6
    endloop
  endfacet
  facet normal 0 0 1
    outer loop
      vertex -52.6575 -34.5177 1.6
      vertex -52.5421 -36.2793 1.6
      vertex -52.5421 -34.5407 1.6
    endloop
  endfacet
  facet normal 0 0 1
    outer loop
      vertex -52.6575 -34.5177 1.6
      vertex -52.6575 -36.3023 1.6
      vertex -52.5421 -36.2793 1.6
    endloop
  endfacet
  facet normal 0 0 1
    outer loop
      vertex -52.775 -34.51 1.6
      vertex -52.6575 -36.3023 1.6
      vertex -52.6575 -34.5177 1.6
    endloop
  endfacet
  facet normal 0 0 1
    outer loop
      vertex -52.775 -34.51 1.6
      vertex -52.775 -36.31 1.6
      vertex -52.6575 -36.3023 1.6
    endloop
  endfacet
  facet normal -0 0 1
    outer loop
      vertex -52.8925 -34.5177 1.6
      vertex -52.775 -36.31 1.6
      vertex -52.775 -34.51 1.6
    endloop
  endfacet
  facet normal 0 0 1
    outer loop
      vertex -52.8925 -34.5177 1.6
      vertex -52.8925 -36.3023 1.6
      vertex -52.775 -36.31 1.6
    endloop
  endfacet
  facet normal -0 0 1
    outer loop
      vertex -53.0079 -34.5407 1.6
      vertex -52.8925 -36.3023 1.6
      vertex -52.8925 -34.5177 1.6
    endloop
  endfacet
  facet normal 0 0 1
    outer loop
      vertex -53.0079 -34.5407 1.6
      vertex -53.0079 -36.2793 1.6
      vertex -52.8925 -36.3023 1.6
    endloop
  endfacet
  facet normal -0 0 1
    outer loop
      vertex -53.1194 -34.5785 1.6
      vertex -53.0079 -36.2793 1.6
      vertex -53.0079 -34.5407 1.6
    endloop
  endfacet
  facet normal 0 0 1
    outer loop
      vertex -53.1194 -34.5785 1.6
      vertex -53.1194 -36.2415 1.6
      vertex -53.0079 -36.2793 1.6
    endloop
  endfacet
  facet normal -0 0 1
    outer loop
      vertex -53.225 -34.6306 1.6
      vertex -53.1194 -36.2415 1.6
      vertex -53.1194 -34.5785 1.6
    endloop
  endfacet
  facet normal 0 0 1
    outer loop
      vertex -53.225 -34.6306 1.6
      vertex -53.225 -36.1894 1.6
      vertex -53.1194 -36.2415 1.6
    endloop
  endfacet
  facet normal -0 0 1
    outer loop
      vertex -53.3229 -34.696 1.6
      vertex -53.225 -36.1894 1.6
      vertex -53.225 -34.6306 1.6
    endloop
  endfacet
  facet normal 0 0 1
    outer loop
      vertex -53.3229 -34.696 1.6
      vertex -53.3229 -36.124 1.6
      vertex -53.225 -36.1894 1.6
    endloop
  endfacet
  facet normal -0 0 1
    outer loop
      vertex -53.4114 -34.7736 1.6
      vertex -53.3229 -36.124 1.6
      vertex -53.3229 -34.696 1.6
    endloop
  endfacet
  facet normal 0 0 1
    outer loop
      vertex -53.4114 -34.7736 1.6
      vertex -53.4114 -36.0464 1.6
      vertex -53.3229 -36.124 1.6
    endloop
  endfacet
  facet normal -0 0 1
    outer loop
      vertex -53.489 -34.8621 1.6
      vertex -53.4114 -36.0464 1.6
      vertex -53.4114 -34.7736 1.6
    endloop
  endfacet
  facet normal 0 0 1
    outer loop
      vertex -53.489 -34.8621 1.6
      vertex -53.489 -35.9579 1.6
      vertex -53.4114 -36.0464 1.6
    endloop
  endfacet
  facet normal -0 0 1
    outer loop
      vertex -53.5544 -34.96 1.6
      vertex -53.489 -35.9579 1.6
      vertex -53.489 -34.8621 1.6
    endloop
  endfacet
  facet normal 0 0 1
    outer loop
      vertex -53.5544 -34.96 1.6
      vertex -53.5544 -35.86 1.6
      vertex -53.489 -35.9579 1.6
    endloop
  endfacet
  facet normal -0 0 1
    outer loop
      vertex -53.6065 -35.0656 1.6
      vertex -53.5544 -35.86 1.6
      vertex -53.5544 -34.96 1.6
    endloop
  endfacet
  facet normal 0 0 1
    outer loop
      vertex -53.6065 -35.0656 1.6
      vertex -53.6065 -35.7544 1.6
      vertex -53.5544 -35.86 1.6
    endloop
  endfacet
  facet normal -0 0 1
    outer loop
      vertex -53.6443 -35.1771 1.6
      vertex -53.6065 -35.7544 1.6
      vertex -53.6065 -35.0656 1.6
    endloop
  endfacet
  facet normal 0 0 1
    outer loop
      vertex -53.6443 -35.1771 1.6
      vertex -53.6443 -35.6429 1.6
      vertex -53.6065 -35.7544 1.6
    endloop
  endfacet
  facet normal -0 0 1
    outer loop
      vertex -53.6673 -35.2925 1.6
      vertex -53.6443 -35.6429 1.6
      vertex -53.6443 -35.1771 1.6
    endloop
  endfacet
  facet normal 0 0 1
    outer loop
      vertex -53.6673 -35.2925 1.6
      vertex -53.6673 -35.5275 1.6
      vertex -53.6443 -35.6429 1.6
    endloop
  endfacet
  facet normal 0 -0 1
    outer loop
      vertex -53.6673 -35.5275 1.6
      vertex -53.6673 -35.2925 1.6
      vertex -53.675 -35.41 1.6
    endloop
  endfacet
  facet normal 0.195462 -0.980711 0
    outer loop
      vertex -53.0079 -34.5407 1.6
      vertex -52.8925 -34.5177 7.1
      vertex -53.0079 -34.5407 7.1
    endloop
  endfacet
  facet normal 0.195462 -0.980711 0
    outer loop
      vertex -52.8925 -34.5177 7.1
      vertex -53.0079 -34.5407 1.6
      vertex -52.8925 -34.5177 1.6
    endloop
  endfacet
  facet normal 0.442452 -0.896792 0
    outer loop
      vertex -53.225 -34.6306 1.6
      vertex -53.1194 -34.5785 7.1
      vertex -53.225 -34.6306 7.1
    endloop
  endfacet
  facet normal 0.442452 -0.896792 0
    outer loop
      vertex -53.1194 -34.5785 7.1
      vertex -53.225 -34.6306 1.6
      vertex -53.1194 -34.5785 1.6
    endloop
  endfacet
  facet normal 0.555484 -0.831527 0
    outer loop
      vertex -53.3229 -34.696 1.6
      vertex -53.225 -34.6306 7.1
      vertex -53.3229 -34.696 7.1
    endloop
  endfacet
  facet normal 0.555484 -0.831527 0
    outer loop
      vertex -53.225 -34.6306 7.1
      vertex -53.3229 -34.696 1.6
      vertex -53.225 -34.6306 1.6
    endloop
  endfacet
  facet normal 0.659286 -0.751892 0
    outer loop
      vertex -53.4114 -34.7736 1.6
      vertex -53.3229 -34.696 7.1
      vertex -53.4114 -34.7736 7.1
    endloop
  endfacet
  facet normal 0.659286 -0.751892 0
    outer loop
      vertex -53.3229 -34.696 7.1
      vertex -53.4114 -34.7736 1.6
      vertex -53.3229 -34.696 1.6
    endloop
  endfacet
  facet normal 0.99786 0.0653917 0
    outer loop
      vertex -53.6673 -35.5275 7.1
      vertex -53.675 -35.41 1.6
      vertex -53.675 -35.41 7.1
    endloop
  endfacet
  facet normal 0.99786 0.0653917 0
    outer loop
      vertex -53.675 -35.41 1.6
      vertex -53.6673 -35.5275 7.1
      vertex -53.6673 -35.5275 1.6
    endloop
  endfacet
  facet normal 0.947057 -0.321065 0
    outer loop
      vertex -53.6443 -35.1771 7.1
      vertex -53.6065 -35.0656 1.6
      vertex -53.6065 -35.0656 7.1
    endloop
  endfacet
  facet normal 0.947057 -0.321065 0
    outer loop
      vertex -53.6065 -35.0656 1.6
      vertex -53.6443 -35.1771 7.1
      vertex -53.6443 -35.1771 1.6
    endloop
  endfacet
  facet normal 0.555484 0.831527 -0
    outer loop
      vertex -53.225 -36.1894 1.6
      vertex -53.3229 -36.124 7.1
      vertex -53.225 -36.1894 7.1
    endloop
  endfacet
  facet normal 0.555484 0.831527 0
    outer loop
      vertex -53.3229 -36.124 7.1
      vertex -53.225 -36.1894 1.6
      vertex -53.3229 -36.124 1.6
    endloop
  endfacet
  facet normal 0.896792 0.442452 0
    outer loop
      vertex -53.5544 -35.86 7.1
      vertex -53.6065 -35.7544 1.6
      vertex -53.6065 -35.7544 7.1
    endloop
  endfacet
  facet normal 0.896792 0.442452 0
    outer loop
      vertex -53.6065 -35.7544 1.6
      vertex -53.5544 -35.86 7.1
      vertex -53.5544 -35.86 1.6
    endloop
  endfacet
  facet normal 0.831527 0.555484 0
    outer loop
      vertex -53.489 -35.9579 7.1
      vertex -53.5544 -35.86 1.6
      vertex -53.5544 -35.86 7.1
    endloop
  endfacet
  facet normal 0.831527 0.555484 0
    outer loop
      vertex -53.5544 -35.86 1.6
      vertex -53.489 -35.9579 7.1
      vertex -53.489 -35.9579 1.6
    endloop
  endfacet
  facet normal -0.99786 -0.0653917 0
    outer loop
      vertex -51.875 -35.41 1.6
      vertex -51.8827 -35.2925 7.1
      vertex -51.8827 -35.2925 1.6
    endloop
  endfacet
  facet normal -0.99786 -0.0653917 0
    outer loop
      vertex -51.8827 -35.2925 7.1
      vertex -51.875 -35.41 1.6
      vertex -51.875 -35.41 7.1
    endloop
  endfacet
  facet normal -0.195462 -0.980711 0
    outer loop
      vertex -52.6575 -34.5177 1.6
      vertex -52.5421 -34.5407 7.1
      vertex -52.6575 -34.5177 7.1
    endloop
  endfacet
  facet normal -0.195462 -0.980711 -0
    outer loop
      vertex -52.5421 -34.5407 7.1
      vertex -52.6575 -34.5177 1.6
      vertex -52.5421 -34.5407 1.6
    endloop
  endfacet
  facet normal -0.321065 -0.947057 0
    outer loop
      vertex -52.5421 -34.5407 1.6
      vertex -52.4306 -34.5785 7.1
      vertex -52.5421 -34.5407 7.1
    endloop
  endfacet
  facet normal -0.321065 -0.947057 -0
    outer loop
      vertex -52.4306 -34.5785 7.1
      vertex -52.5421 -34.5407 1.6
      vertex -52.4306 -34.5785 1.6
    endloop
  endfacet
  facet normal -0.980711 -0.195462 0
    outer loop
      vertex -51.8827 -35.2925 1.6
      vertex -51.9057 -35.1771 7.1
      vertex -51.9057 -35.1771 1.6
    endloop
  endfacet
  facet normal -0.980711 -0.195462 0
    outer loop
      vertex -51.9057 -35.1771 7.1
      vertex -51.8827 -35.2925 1.6
      vertex -51.8827 -35.2925 7.1
    endloop
  endfacet
  facet normal -0.751892 -0.659286 0
    outer loop
      vertex -52.061 -34.8621 1.6
      vertex -52.1386 -34.7736 7.1
      vertex -52.1386 -34.7736 1.6
    endloop
  endfacet
  facet normal -0.751892 -0.659286 0
    outer loop
      vertex -52.1386 -34.7736 7.1
      vertex -52.061 -34.8621 1.6
      vertex -52.061 -34.8621 7.1
    endloop
  endfacet
  facet normal -0.980711 0.195462 0
    outer loop
      vertex -51.9057 -35.6429 1.6
      vertex -51.8827 -35.5275 7.1
      vertex -51.8827 -35.5275 1.6
    endloop
  endfacet
  facet normal -0.980711 0.195462 0
    outer loop
      vertex -51.8827 -35.5275 7.1
      vertex -51.9057 -35.6429 1.6
      vertex -51.9057 -35.6429 7.1
    endloop
  endfacet
  facet normal -0.896792 0.442452 0
    outer loop
      vertex -51.9956 -35.86 1.6
      vertex -51.9435 -35.7544 7.1
      vertex -51.9435 -35.7544 1.6
    endloop
  endfacet
  facet normal -0.896792 0.442452 0
    outer loop
      vertex -51.9435 -35.7544 7.1
      vertex -51.9956 -35.86 1.6
      vertex -51.9956 -35.86 7.1
    endloop
  endfacet
  facet normal -0.195462 0.980711 0
    outer loop
      vertex -52.5421 -36.2793 1.6
      vertex -52.6575 -36.3023 7.1
      vertex -52.5421 -36.2793 7.1
    endloop
  endfacet
  facet normal -0.195462 0.980711 0
    outer loop
      vertex -52.6575 -36.3023 7.1
      vertex -52.5421 -36.2793 1.6
      vertex -52.6575 -36.3023 1.6
    endloop
  endfacet
  facet normal -0.659286 0.751892 0
    outer loop
      vertex -52.1386 -36.0464 1.6
      vertex -52.2271 -36.124 7.1
      vertex -52.1386 -36.0464 7.1
    endloop
  endfacet
  facet normal -0.659286 0.751892 0
    outer loop
      vertex -52.2271 -36.124 7.1
      vertex -52.1386 -36.0464 1.6
      vertex -52.2271 -36.124 1.6
    endloop
  endfacet
  facet normal 0.99786 -0.0653917 0
    outer loop
      vertex -53.675 -35.41 7.1
      vertex -53.6673 -35.2925 1.6
      vertex -53.6673 -35.2925 7.1
    endloop
  endfacet
  facet normal 0.99786 -0.0653917 0
    outer loop
      vertex -53.6673 -35.2925 1.6
      vertex -53.675 -35.41 7.1
      vertex -53.675 -35.41 1.6
    endloop
  endfacet
  facet normal 0.321065 0.947057 -0
    outer loop
      vertex -53.0079 -36.2793 1.6
      vertex -53.1194 -36.2415 7.1
      vertex -53.0079 -36.2793 7.1
    endloop
  endfacet
  facet normal 0.321065 0.947057 0
    outer loop
      vertex -53.1194 -36.2415 7.1
      vertex -53.0079 -36.2793 1.6
      vertex -53.1194 -36.2415 1.6
    endloop
  endfacet
  facet normal -0.442452 -0.896792 0
    outer loop
      vertex -52.4306 -34.5785 1.6
      vertex -52.325 -34.6306 7.1
      vertex -52.4306 -34.5785 7.1
    endloop
  endfacet
  facet normal -0.442452 -0.896792 -0
    outer loop
      vertex -52.325 -34.6306 7.1
      vertex -52.4306 -34.5785 1.6
      vertex -52.325 -34.6306 1.6
    endloop
  endfacet
  facet normal -0.896792 -0.442452 0
    outer loop
      vertex -51.9435 -35.0656 1.6
      vertex -51.9956 -34.96 7.1
      vertex -51.9956 -34.96 1.6
    endloop
  endfacet
  facet normal -0.896792 -0.442452 0
    outer loop
      vertex -51.9956 -34.96 7.1
      vertex -51.9435 -35.0656 1.6
      vertex -51.9435 -35.0656 7.1
    endloop
  endfacet
  facet normal -0.321065 0.947057 0
    outer loop
      vertex -52.4306 -36.2415 1.6
      vertex -52.5421 -36.2793 7.1
      vertex -52.4306 -36.2415 7.1
    endloop
  endfacet
  facet normal -0.321065 0.947057 0
    outer loop
      vertex -52.5421 -36.2793 7.1
      vertex -52.4306 -36.2415 1.6
      vertex -52.5421 -36.2793 1.6
    endloop
  endfacet
  facet normal -0.555484 0.831527 0
    outer loop
      vertex -52.2271 -36.124 1.6
      vertex -52.325 -36.1894 7.1
      vertex -52.2271 -36.124 7.1
    endloop
  endfacet
  facet normal -0.555484 0.831527 0
    outer loop
      vertex -52.325 -36.1894 7.1
      vertex -52.2271 -36.124 1.6
      vertex -52.325 -36.1894 1.6
    endloop
  endfacet
  facet normal 0.555484 -0.831527 0
    outer loop
      vertex 52.2271 -6.98598 1.6
      vertex 52.325 -6.92058 7.1
      vertex 52.2271 -6.98598 7.1
    endloop
  endfacet
  facet normal 0.555484 -0.831527 0
    outer loop
      vertex 52.325 -6.92058 7.1
      vertex 52.2271 -6.98598 1.6
      vertex 52.325 -6.92058 1.6
    endloop
  endfacet
  facet normal 0.947031 -0.321143 0
    outer loop
      vertex 51.9057 -7.46706 7.1
      vertex 51.9435 -7.35559 1.6
      vertex 51.9435 -7.35559 7.1
    endloop
  endfacet
  facet normal 0.947031 -0.321143 0
    outer loop
      vertex 51.9435 -7.35559 1.6
      vertex 51.9057 -7.46706 7.1
      vertex 51.9057 -7.46706 1.6
    endloop
  endfacet
  facet normal 0.896759 0.442519 0
    outer loop
      vertex 51.9956 -8.15 7.1
      vertex 51.9435 -8.04442 1.6
      vertex 51.9435 -8.04442 7.1
    endloop
  endfacet
  facet normal 0.896759 0.442519 0
    outer loop
      vertex 51.9435 -8.04442 1.6
      vertex 51.9956 -8.15 7.1
      vertex 51.9956 -8.15 1.6
    endloop
  endfacet
  facet normal 0.442247 0.896893 -0
    outer loop
      vertex 52.4306 -8.53149 1.6
      vertex 52.325 -8.47942 7.1
      vertex 52.4306 -8.53149 7.1
    endloop
  endfacet
  facet normal 0.442247 0.896893 0
    outer loop
      vertex 52.325 -8.47942 7.1
      vertex 52.4306 -8.53149 1.6
      vertex 52.325 -8.47942 1.6
    endloop
  endfacet
  facet normal -0.195217 -0.98076 0
    outer loop
      vertex 52.8925 -6.8077 1.6
      vertex 53.0079 -6.83067 7.1
      vertex 52.8925 -6.8077 7.1
    endloop
  endfacet
  facet normal -0.195217 -0.98076 -0
    outer loop
      vertex 53.0079 -6.83067 7.1
      vertex 52.8925 -6.8077 1.6
      vertex 53.0079 -6.83067 1.6
    endloop
  endfacet
  facet normal 0.751966 -0.659202 0
    outer loop
      vertex 52.061 -7.15212 7.1
      vertex 52.1386 -7.0636 1.6
      vertex 52.1386 -7.0636 7.1
    endloop
  endfacet
  facet normal 0.751966 -0.659202 0
    outer loop
      vertex 52.1386 -7.0636 1.6
      vertex 52.061 -7.15212 7.1
      vertex 52.061 -7.15212 1.6
    endloop
  endfacet
  facet normal 0.831475 -0.555562 0
    outer loop
      vertex 51.9956 -7.25 7.1
      vertex 52.061 -7.15212 1.6
      vertex 52.061 -7.15212 7.1
    endloop
  endfacet
  facet normal 0.831475 -0.555562 0
    outer loop
      vertex 52.061 -7.15212 1.6
      vertex 51.9956 -7.25 7.1
      vertex 51.9956 -7.25 1.6
    endloop
  endfacet
  facet normal 0.0653917 0.99786 -0
    outer loop
      vertex 52.775 -8.6 1.6
      vertex 52.6575 -8.5923 7.1
      vertex 52.775 -8.6 7.1
    endloop
  endfacet
  facet normal 0.0653917 0.99786 0
    outer loop
      vertex 52.6575 -8.5923 7.1
      vertex 52.775 -8.6 1.6
      vertex 52.6575 -8.5923 1.6
    endloop
  endfacet
  facet normal 0.659382 0.751808 -0
    outer loop
      vertex 52.2271 -8.41402 1.6
      vertex 52.1386 -8.3364 7.1
      vertex 52.2271 -8.41402 7.1
    endloop
  endfacet
  facet normal 0.659382 0.751808 0
    outer loop
      vertex 52.1386 -8.3364 7.1
      vertex 52.2271 -8.41402 1.6
      vertex 52.1386 -8.3364 1.6
    endloop
  endfacet
  facet normal 0.831501 0.555523 0
    outer loop
      vertex 52.061 -8.24789 7.1
      vertex 51.9956 -8.15 1.6
      vertex 51.9956 -8.15 7.1
    endloop
  endfacet
  facet normal 0.831501 0.555523 0
    outer loop
      vertex 51.9956 -8.15 1.6
      vertex 52.061 -8.24789 7.1
      vertex 52.061 -8.24789 1.6
    endloop
  endfacet
  facet normal 0.980734 0.195348 0
    outer loop
      vertex 51.9057 -7.93294 7.1
      vertex 51.8827 -7.81747 1.6
      vertex 51.8827 -7.81747 7.1
    endloop
  endfacet
  facet normal 0.980734 0.195348 0
    outer loop
      vertex 51.8827 -7.81747 1.6
      vertex 51.9057 -7.93294 7.1
      vertex 51.9057 -7.93294 1.6
    endloop
  endfacet
  facet normal 0.751929 0.659244 0
    outer loop
      vertex 52.1386 -8.3364 7.1
      vertex 52.061 -8.24789 1.6
      vertex 52.061 -8.24789 7.1
    endloop
  endfacet
  facet normal 0.751929 0.659244 0
    outer loop
      vertex 52.061 -8.24789 1.6
      vertex 52.1386 -8.3364 7.1
      vertex 52.1386 -8.3364 1.6
    endloop
  endfacet
  facet normal 0.0653917 -0.99786 0
    outer loop
      vertex 52.6575 -6.8077 1.6
      vertex 52.775 -6.8 7.1
      vertex 52.6575 -6.8077 7.1
    endloop
  endfacet
  facet normal 0.0653917 -0.99786 0
    outer loop
      vertex 52.775 -6.8 7.1
      vertex 52.6575 -6.8077 1.6
      vertex 52.775 -6.8 1.6
    endloop
  endfacet
  facet normal -0.32137 -0.946954 0
    outer loop
      vertex 53.0079 -6.83067 1.6
      vertex 53.1194 -6.86851 7.1
      vertex 53.0079 -6.83067 7.1
    endloop
  endfacet
  facet normal -0.32137 -0.946954 -0
    outer loop
      vertex 53.1194 -6.86851 7.1
      vertex 53.0079 -6.83067 1.6
      vertex 53.1194 -6.86851 1.6
    endloop
  endfacet
  facet normal -0.751929 0.659244 0
    outer loop
      vertex 53.4114 -8.3364 1.6
      vertex 53.489 -8.24789 7.1
      vertex 53.489 -8.24789 1.6
    endloop
  endfacet
  facet normal -0.751929 0.659244 0
    outer loop
      vertex 53.489 -8.24789 7.1
      vertex 53.4114 -8.3364 1.6
      vertex 53.4114 -8.3364 7.1
    endloop
  endfacet
  facet normal -0.442247 0.896893 0
    outer loop
      vertex 53.225 -8.47942 1.6
      vertex 53.1194 -8.53149 7.1
      vertex 53.225 -8.47942 7.1
    endloop
  endfacet
  facet normal -0.442247 0.896893 0
    outer loop
      vertex 53.1194 -8.53149 7.1
      vertex 53.225 -8.47942 1.6
      vertex 53.1194 -8.53149 1.6
    endloop
  endfacet
  facet normal 0.659382 -0.751808 0
    outer loop
      vertex 52.1386 -7.0636 1.6
      vertex 52.2271 -6.98598 7.1
      vertex 52.1386 -7.0636 7.1
    endloop
  endfacet
  facet normal 0.659382 -0.751808 0
    outer loop
      vertex 52.2271 -6.98598 7.1
      vertex 52.1386 -7.0636 1.6
      vertex 52.2271 -6.98598 1.6
    endloop
  endfacet
  facet normal 0.997859 0.0654083 0
    outer loop
      vertex 51.8827 -7.81747 7.1
      vertex 51.875 -7.7 1.6
      vertex 51.875 -7.7 7.1
    endloop
  endfacet
  facet normal 0.997859 0.0654083 0
    outer loop
      vertex 51.875 -7.7 1.6
      vertex 51.8827 -7.81747 7.1
      vertex 51.8827 -7.81747 1.6
    endloop
  endfacet
  facet normal 0.980734 -0.195348 0
    outer loop
      vertex 51.8827 -7.58253 7.1
      vertex 51.9057 -7.46706 1.6
      vertex 51.9057 -7.46706 7.1
    endloop
  endfacet
  facet normal 0.980734 -0.195348 0
    outer loop
      vertex 51.9057 -7.46706 1.6
      vertex 51.8827 -7.58253 7.1
      vertex 51.8827 -7.58253 1.6
    endloop
  endfacet
  facet normal 0.896776 -0.442485 0
    outer loop
      vertex 51.9435 -7.35559 7.1
      vertex 51.9956 -7.25 1.6
      vertex 51.9956 -7.25 7.1
    endloop
  endfacet
  facet normal 0.896776 -0.442485 0
    outer loop
      vertex 51.9956 -7.25 1.6
      vertex 51.9435 -7.35559 7.1
      vertex 51.9435 -7.35559 1.6
    endloop
  endfacet
  facet normal 0.32137 0.946954 -0
    outer loop
      vertex 52.5421 -8.56933 1.6
      vertex 52.4306 -8.53149 7.1
      vertex 52.5421 -8.56933 7.1
    endloop
  endfacet
  facet normal 0.32137 0.946954 0
    outer loop
      vertex 52.4306 -8.53149 7.1
      vertex 52.5421 -8.56933 1.6
      vertex 52.4306 -8.53149 1.6
    endloop
  endfacet
  facet normal 0.195217 0.98076 -0
    outer loop
      vertex 52.6575 -8.5923 1.6
      vertex 52.5421 -8.56933 7.1
      vertex 52.6575 -8.5923 7.1
    endloop
  endfacet
  facet normal 0.195217 0.98076 0
    outer loop
      vertex 52.5421 -8.56933 7.1
      vertex 52.6575 -8.5923 1.6
      vertex 52.5421 -8.56933 1.6
    endloop
  endfacet
  facet normal 0.555484 0.831527 -0
    outer loop
      vertex 52.325 -8.47942 1.6
      vertex 52.2271 -8.41402 7.1
      vertex 52.325 -8.47942 7.1
    endloop
  endfacet
  facet normal 0.555484 0.831527 0
    outer loop
      vertex 52.2271 -8.41402 7.1
      vertex 52.325 -8.47942 1.6
      vertex 52.2271 -8.41402 1.6
    endloop
  endfacet
  facet normal 0.94704 0.321117 0
    outer loop
      vertex 51.9435 -8.04442 7.1
      vertex 51.9057 -7.93294 1.6
      vertex 51.9057 -7.93294 7.1
    endloop
  endfacet
  facet normal 0.94704 0.321117 0
    outer loop
      vertex 51.9057 -7.93294 1.6
      vertex 51.9435 -8.04442 7.1
      vertex 51.9435 -8.04442 1.6
    endloop
  endfacet
  facet normal -0.0653917 -0.99786 0
    outer loop
      vertex 52.775 -6.8 1.6
      vertex 52.8925 -6.8077 7.1
      vertex 52.775 -6.8 7.1
    endloop
  endfacet
  facet normal -0.0653917 -0.99786 -0
    outer loop
      vertex 52.8925 -6.8077 7.1
      vertex 52.775 -6.8 1.6
      vertex 52.8925 -6.8077 1.6
    endloop
  endfacet
  facet normal -0.0653917 0.99786 0
    outer loop
      vertex 52.8925 -8.5923 1.6
      vertex 52.775 -8.6 7.1
      vertex 52.8925 -8.5923 7.1
    endloop
  endfacet
  facet normal -0.0653917 0.99786 0
    outer loop
      vertex 52.775 -8.6 7.1
      vertex 52.8925 -8.5923 1.6
      vertex 52.775 -8.6 1.6
    endloop
  endfacet
  facet normal -0.555484 0.831527 0
    outer loop
      vertex 53.3229 -8.41402 1.6
      vertex 53.225 -8.47942 7.1
      vertex 53.3229 -8.41402 7.1
    endloop
  endfacet
  facet normal -0.555484 0.831527 0
    outer loop
      vertex 53.225 -8.47942 7.1
      vertex 53.3229 -8.41402 1.6
      vertex 53.225 -8.47942 1.6
    endloop
  endfacet
  facet normal -0.980734 -0.195348 0
    outer loop
      vertex 53.6673 -7.58253 1.6
      vertex 53.6443 -7.46706 7.1
      vertex 53.6443 -7.46706 1.6
    endloop
  endfacet
  facet normal -0.980734 -0.195348 0
    outer loop
      vertex 53.6443 -7.46706 7.1
      vertex 53.6673 -7.58253 1.6
      vertex 53.6673 -7.58253 7.1
    endloop
  endfacet
  facet normal -0.896776 -0.442485 0
    outer loop
      vertex 53.6065 -7.35559 1.6
      vertex 53.5544 -7.25 7.1
      vertex 53.5544 -7.25 1.6
    endloop
  endfacet
  facet normal -0.896776 -0.442485 0
    outer loop
      vertex 53.5544 -7.25 7.1
      vertex 53.6065 -7.35559 1.6
      vertex 53.6065 -7.35559 7.1
    endloop
  endfacet
  facet normal 0.442247 -0.896893 0
    outer loop
      vertex 52.325 -6.92058 1.6
      vertex 52.4306 -6.86851 7.1
      vertex 52.325 -6.92058 7.1
    endloop
  endfacet
  facet normal 0.442247 -0.896893 0
    outer loop
      vertex 52.4306 -6.86851 7.1
      vertex 52.325 -6.92058 1.6
      vertex 52.4306 -6.86851 1.6
    endloop
  endfacet
  facet normal 0.32137 -0.946954 0
    outer loop
      vertex 52.4306 -6.86851 1.6
      vertex 52.5421 -6.83067 7.1
      vertex 52.4306 -6.86851 7.1
    endloop
  endfacet
  facet normal 0.32137 -0.946954 0
    outer loop
      vertex 52.5421 -6.83067 7.1
      vertex 52.4306 -6.86851 1.6
      vertex 52.5421 -6.83067 1.6
    endloop
  endfacet
  facet normal 0.195217 -0.98076 0
    outer loop
      vertex 52.5421 -6.83067 1.6
      vertex 52.6575 -6.8077 7.1
      vertex 52.5421 -6.83067 7.1
    endloop
  endfacet
  facet normal 0.195217 -0.98076 0
    outer loop
      vertex 52.6575 -6.8077 7.1
      vertex 52.5421 -6.83067 1.6
      vertex 52.6575 -6.8077 1.6
    endloop
  endfacet
  facet normal 0.997859 -0.0654083 0
    outer loop
      vertex 51.875 -7.7 7.1
      vertex 51.8827 -7.58253 1.6
      vertex 51.8827 -7.58253 7.1
    endloop
  endfacet
  facet normal 0.997859 -0.0654083 0
    outer loop
      vertex 51.8827 -7.58253 1.6
      vertex 51.875 -7.7 7.1
      vertex 51.875 -7.7 1.6
    endloop
  endfacet
  facet normal -0.659382 -0.751808 0
    outer loop
      vertex 53.3229 -6.98598 1.6
      vertex 53.4114 -7.0636 7.1
      vertex 53.3229 -6.98598 7.1
    endloop
  endfacet
  facet normal -0.659382 -0.751808 -0
    outer loop
      vertex 53.4114 -7.0636 7.1
      vertex 53.3229 -6.98598 1.6
      vertex 53.4114 -7.0636 1.6
    endloop
  endfacet
  facet normal -0.442247 -0.896893 0
    outer loop
      vertex 53.1194 -6.86851 1.6
      vertex 53.225 -6.92058 7.1
      vertex 53.1194 -6.86851 7.1
    endloop
  endfacet
  facet normal -0.442247 -0.896893 -0
    outer loop
      vertex 53.225 -6.92058 7.1
      vertex 53.1194 -6.86851 1.6
      vertex 53.225 -6.92058 1.6
    endloop
  endfacet
  facet normal -0.980734 0.195348 0
    outer loop
      vertex 53.6443 -7.93294 1.6
      vertex 53.6673 -7.81747 7.1
      vertex 53.6673 -7.81747 1.6
    endloop
  endfacet
  facet normal -0.980734 0.195348 0
    outer loop
      vertex 53.6673 -7.81747 7.1
      vertex 53.6443 -7.93294 1.6
      vertex 53.6443 -7.93294 7.1
    endloop
  endfacet
  facet normal -0.997859 0.0654083 0
    outer loop
      vertex 53.6673 -7.81747 1.6
      vertex 53.675 -7.7 7.1
      vertex 53.675 -7.7 1.6
    endloop
  endfacet
  facet normal -0.997859 0.0654083 0
    outer loop
      vertex 53.675 -7.7 7.1
      vertex 53.6673 -7.81747 1.6
      vertex 53.6673 -7.81747 7.1
    endloop
  endfacet
  facet normal 0 0 1
    outer loop
      vertex 53.6673 -7.58253 1.6
      vertex 53.6673 -7.81747 1.6
      vertex 53.675 -7.7 1.6
    endloop
  endfacet
  facet normal 0 0 1
    outer loop
      vertex 53.6443 -7.46706 1.6
      vertex 53.6673 -7.81747 1.6
      vertex 53.6673 -7.58253 1.6
    endloop
  endfacet
  facet normal 0 0 1
    outer loop
      vertex 53.6443 -7.46706 1.6
      vertex 53.6443 -7.93294 1.6
      vertex 53.6673 -7.81747 1.6
    endloop
  endfacet
  facet normal 0 0 1
    outer loop
      vertex 53.6065 -7.35559 1.6
      vertex 53.6443 -7.93294 1.6
      vertex 53.6443 -7.46706 1.6
    endloop
  endfacet
  facet normal 0 0 1
    outer loop
      vertex 53.6065 -7.35559 1.6
      vertex 53.6065 -8.04442 1.6
      vertex 53.6443 -7.93294 1.6
    endloop
  endfacet
  facet normal 0 0 1
    outer loop
      vertex 53.5544 -7.25 1.6
      vertex 53.6065 -8.04442 1.6
      vertex 53.6065 -7.35559 1.6
    endloop
  endfacet
  facet normal 0 0 1
    outer loop
      vertex 53.5544 -7.25 1.6
      vertex 53.5544 -8.15 1.6
      vertex 53.6065 -8.04442 1.6
    endloop
  endfacet
  facet normal 0 0 1
    outer loop
      vertex 53.489 -7.15212 1.6
      vertex 53.5544 -8.15 1.6
      vertex 53.5544 -7.25 1.6
    endloop
  endfacet
  facet normal 0 0 1
    outer loop
      vertex 53.489 -7.15212 1.6
      vertex 53.489 -8.24789 1.6
      vertex 53.5544 -8.15 1.6
    endloop
  endfacet
  facet normal 0 0 1
    outer loop
      vertex 53.4114 -7.0636 1.6
      vertex 53.489 -8.24789 1.6
      vertex 53.489 -7.15212 1.6
    endloop
  endfacet
  facet normal 0 0 1
    outer loop
      vertex 53.4114 -7.0636 1.6
      vertex 53.4114 -8.3364 1.6
      vertex 53.489 -8.24789 1.6
    endloop
  endfacet
  facet normal 0 0 1
    outer loop
      vertex 53.3229 -6.98598 1.6
      vertex 53.4114 -8.3364 1.6
      vertex 53.4114 -7.0636 1.6
    endloop
  endfacet
  facet normal 0 0 1
    outer loop
      vertex 53.3229 -6.98598 1.6
      vertex 53.3229 -8.41402 1.6
      vertex 53.4114 -8.3364 1.6
    endloop
  endfacet
  facet normal 0 0 1
    outer loop
      vertex 53.225 -6.92058 1.6
      vertex 53.3229 -8.41402 1.6
      vertex 53.3229 -6.98598 1.6
    endloop
  endfacet
  facet normal 0 0 1
    outer loop
      vertex 53.225 -6.92058 1.6
      vertex 53.225 -8.47942 1.6
      vertex 53.3229 -8.41402 1.6
    endloop
  endfacet
  facet normal 0 0 1
    outer loop
      vertex 53.1194 -6.86851 1.6
      vertex 53.225 -8.47942 1.6
      vertex 53.225 -6.92058 1.6
    endloop
  endfacet
  facet normal 0 0 1
    outer loop
      vertex 53.1194 -6.86851 1.6
      vertex 53.1194 -8.53149 1.6
      vertex 53.225 -8.47942 1.6
    endloop
  endfacet
  facet normal 0 0 1
    outer loop
      vertex 53.0079 -6.83067 1.6
      vertex 53.1194 -8.53149 1.6
      vertex 53.1194 -6.86851 1.6
    endloop
  endfacet
  facet normal 0 0 1
    outer loop
      vertex 53.0079 -6.83067 1.6
      vertex 53.0079 -8.56933 1.6
      vertex 53.1194 -8.53149 1.6
    endloop
  endfacet
  facet normal 0 0 1
    outer loop
      vertex 52.8925 -6.8077 1.6
      vertex 53.0079 -8.56933 1.6
      vertex 53.0079 -6.83067 1.6
    endloop
  endfacet
  facet normal 0 0 1
    outer loop
      vertex 52.8925 -6.8077 1.6
      vertex 52.8925 -8.5923 1.6
      vertex 53.0079 -8.56933 1.6
    endloop
  endfacet
  facet normal 0 0 1
    outer loop
      vertex 52.775 -6.8 1.6
      vertex 52.8925 -8.5923 1.6
      vertex 52.8925 -6.8077 1.6
    endloop
  endfacet
  facet normal 0 0 1
    outer loop
      vertex 52.775 -6.8 1.6
      vertex 52.775 -8.6 1.6
      vertex 52.8925 -8.5923 1.6
    endloop
  endfacet
  facet normal -0 0 1
    outer loop
      vertex 52.6575 -6.8077 1.6
      vertex 52.775 -8.6 1.6
      vertex 52.775 -6.8 1.6
    endloop
  endfacet
  facet normal 0 0 1
    outer loop
      vertex 52.6575 -6.8077 1.6
      vertex 52.6575 -8.5923 1.6
      vertex 52.775 -8.6 1.6
    endloop
  endfacet
  facet normal -0 0 1
    outer loop
      vertex 52.5421 -6.83067 1.6
      vertex 52.6575 -8.5923 1.6
      vertex 52.6575 -6.8077 1.6
    endloop
  endfacet
  facet normal 0 0 1
    outer loop
      vertex 52.5421 -6.83067 1.6
      vertex 52.5421 -8.56933 1.6
      vertex 52.6575 -8.5923 1.6
    endloop
  endfacet
  facet normal -0 0 1
    outer loop
      vertex 52.4306 -6.86851 1.6
      vertex 52.5421 -8.56933 1.6
      vertex 52.5421 -6.83067 1.6
    endloop
  endfacet
  facet normal 0 0 1
    outer loop
      vertex 52.4306 -6.86851 1.6
      vertex 52.4306 -8.53149 1.6
      vertex 52.5421 -8.56933 1.6
    endloop
  endfacet
  facet normal -0 0 1
    outer loop
      vertex 52.325 -6.92058 1.6
      vertex 52.4306 -8.53149 1.6
      vertex 52.4306 -6.86851 1.6
    endloop
  endfacet
  facet normal 0 0 1
    outer loop
      vertex 52.325 -6.92058 1.6
      vertex 52.325 -8.47942 1.6
      vertex 52.4306 -8.53149 1.6
    endloop
  endfacet
  facet normal -0 0 1
    outer loop
      vertex 52.2271 -6.98598 1.6
      vertex 52.325 -8.47942 1.6
      vertex 52.325 -6.92058 1.6
    endloop
  endfacet
  facet normal 0 0 1
    outer loop
      vertex 52.2271 -6.98598 1.6
      vertex 52.2271 -8.41402 1.6
      vertex 52.325 -8.47942 1.6
    endloop
  endfacet
  facet normal -0 0 1
    outer loop
      vertex 52.1386 -7.0636 1.6
      vertex 52.2271 -8.41402 1.6
      vertex 52.2271 -6.98598 1.6
    endloop
  endfacet
  facet normal 0 0 1
    outer loop
      vertex 52.1386 -7.0636 1.6
      vertex 52.1386 -8.3364 1.6
      vertex 52.2271 -8.41402 1.6
    endloop
  endfacet
  facet normal -0 0 1
    outer loop
      vertex 52.061 -7.15212 1.6
      vertex 52.1386 -8.3364 1.6
      vertex 52.1386 -7.0636 1.6
    endloop
  endfacet
  facet normal 0 0 1
    outer loop
      vertex 52.061 -7.15212 1.6
      vertex 52.061 -8.24789 1.6
      vertex 52.1386 -8.3364 1.6
    endloop
  endfacet
  facet normal -0 0 1
    outer loop
      vertex 51.9956 -7.25 1.6
      vertex 52.061 -8.24789 1.6
      vertex 52.061 -7.15212 1.6
    endloop
  endfacet
  facet normal 0 0 1
    outer loop
      vertex 51.9956 -7.25 1.6
      vertex 51.9956 -8.15 1.6
      vertex 52.061 -8.24789 1.6
    endloop
  endfacet
  facet normal -0 0 1
    outer loop
      vertex 51.9435 -7.35559 1.6
      vertex 51.9956 -8.15 1.6
      vertex 51.9956 -7.25 1.6
    endloop
  endfacet
  facet normal 0 0 1
    outer loop
      vertex 51.9435 -7.35559 1.6
      vertex 51.9435 -8.04442 1.6
      vertex 51.9956 -8.15 1.6
    endloop
  endfacet
  facet normal -0 0 1
    outer loop
      vertex 51.9057 -7.46706 1.6
      vertex 51.9435 -8.04442 1.6
      vertex 51.9435 -7.35559 1.6
    endloop
  endfacet
  facet normal 0 0 1
    outer loop
      vertex 51.9057 -7.46706 1.6
      vertex 51.9057 -7.93294 1.6
      vertex 51.9435 -8.04442 1.6
    endloop
  endfacet
  facet normal -0 0 1
    outer loop
      vertex 51.8827 -7.58253 1.6
      vertex 51.9057 -7.93294 1.6
      vertex 51.9057 -7.46706 1.6
    endloop
  endfacet
  facet normal 0 0 1
    outer loop
      vertex 51.8827 -7.58253 1.6
      vertex 51.8827 -7.81747 1.6
      vertex 51.9057 -7.93294 1.6
    endloop
  endfacet
  facet normal 0 -0 1
    outer loop
      vertex 51.8827 -7.81747 1.6
      vertex 51.8827 -7.58253 1.6
      vertex 51.875 -7.7 1.6
    endloop
  endfacet
  facet normal -0.32137 0.946954 0
    outer loop
      vertex 53.1194 -8.53149 1.6
      vertex 53.0079 -8.56933 7.1
      vertex 53.1194 -8.53149 7.1
    endloop
  endfacet
  facet normal -0.32137 0.946954 0
    outer loop
      vertex 53.0079 -8.56933 7.1
      vertex 53.1194 -8.53149 1.6
      vertex 53.0079 -8.56933 1.6
    endloop
  endfacet
  facet normal -0.195217 0.98076 0
    outer loop
      vertex 53.0079 -8.56933 1.6
      vertex 52.8925 -8.5923 7.1
      vertex 53.0079 -8.56933 7.1
    endloop
  endfacet
  facet normal -0.195217 0.98076 0
    outer loop
      vertex 52.8925 -8.5923 7.1
      vertex 53.0079 -8.56933 1.6
      vertex 52.8925 -8.5923 1.6
    endloop
  endfacet
  facet normal -0.659382 0.751808 0
    outer loop
      vertex 53.4114 -8.3364 1.6
      vertex 53.3229 -8.41402 7.1
      vertex 53.4114 -8.3364 7.1
    endloop
  endfacet
  facet normal -0.659382 0.751808 0
    outer loop
      vertex 53.3229 -8.41402 7.1
      vertex 53.4114 -8.3364 1.6
      vertex 53.3229 -8.41402 1.6
    endloop
  endfacet
  facet normal -0.947031 -0.321143 0
    outer loop
      vertex 53.6443 -7.46706 1.6
      vertex 53.6065 -7.35559 7.1
      vertex 53.6065 -7.35559 1.6
    endloop
  endfacet
  facet normal -0.947031 -0.321143 0
    outer loop
      vertex 53.6065 -7.35559 7.1
      vertex 53.6443 -7.46706 1.6
      vertex 53.6443 -7.46706 7.1
    endloop
  endfacet
  facet normal -0.751966 -0.659202 0
    outer loop
      vertex 53.489 -7.15212 1.6
      vertex 53.4114 -7.0636 7.1
      vertex 53.4114 -7.0636 1.6
    endloop
  endfacet
  facet normal -0.751966 -0.659202 0
    outer loop
      vertex 53.4114 -7.0636 7.1
      vertex 53.489 -7.15212 1.6
      vertex 53.489 -7.15212 7.1
    endloop
  endfacet
  facet normal -0.831475 -0.555562 0
    outer loop
      vertex 53.5544 -7.25 1.6
      vertex 53.489 -7.15212 7.1
      vertex 53.489 -7.15212 1.6
    endloop
  endfacet
  facet normal -0.831475 -0.555562 0
    outer loop
      vertex 53.489 -7.15212 7.1
      vertex 53.5544 -7.25 1.6
      vertex 53.5544 -7.25 7.1
    endloop
  endfacet
  facet normal -0.555484 -0.831527 0
    outer loop
      vertex 53.225 -6.92058 1.6
      vertex 53.3229 -6.98598 7.1
      vertex 53.225 -6.92058 7.1
    endloop
  endfacet
  facet normal -0.555484 -0.831527 -0
    outer loop
      vertex 53.3229 -6.98598 7.1
      vertex 53.225 -6.92058 1.6
      vertex 53.3229 -6.98598 1.6
    endloop
  endfacet
  facet normal -0.997859 -0.0654083 0
    outer loop
      vertex 53.675 -7.7 1.6
      vertex 53.6673 -7.58253 7.1
      vertex 53.6673 -7.58253 1.6
    endloop
  endfacet
  facet normal -0.997859 -0.0654083 0
    outer loop
      vertex 53.6673 -7.58253 7.1
      vertex 53.675 -7.7 1.6
      vertex 53.675 -7.7 7.1
    endloop
  endfacet
  facet normal -0.896759 0.442519 0
    outer loop
      vertex 53.5544 -8.15 1.6
      vertex 53.6065 -8.04442 7.1
      vertex 53.6065 -8.04442 1.6
    endloop
  endfacet
  facet normal -0.896759 0.442519 0
    outer loop
      vertex 53.6065 -8.04442 7.1
      vertex 53.5544 -8.15 1.6
      vertex 53.5544 -8.15 7.1
    endloop
  endfacet
  facet normal -0.831501 0.555523 0
    outer loop
      vertex 53.489 -8.24789 1.6
      vertex 53.5544 -8.15 7.1
      vertex 53.5544 -8.15 1.6
    endloop
  endfacet
  facet normal -0.831501 0.555523 0
    outer loop
      vertex 53.5544 -8.15 7.1
      vertex 53.489 -8.24789 1.6
      vertex 53.489 -8.24789 7.1
    endloop
  endfacet
  facet normal -0.94704 0.321117 0
    outer loop
      vertex 53.6065 -8.04442 1.6
      vertex 53.6443 -7.93294 7.1
      vertex 53.6443 -7.93294 1.6
    endloop
  endfacet
  facet normal -0.94704 0.321117 0
    outer loop
      vertex 53.6443 -7.93294 7.1
      vertex 53.6065 -8.04442 1.6
      vertex 53.6065 -8.04442 7.1
    endloop
  endfacet
  facet normal 0.831475 -0.555562 0
    outer loop
      vertex -53.5544 -7.25 7.1
      vertex -53.489 -7.15212 1.6
      vertex -53.489 -7.15212 7.1
    endloop
  endfacet
  facet normal 0.831475 -0.555562 0
    outer loop
      vertex -53.489 -7.15212 1.6
      vertex -53.5544 -7.25 7.1
      vertex -53.5544 -7.25 1.6
    endloop
  endfacet
  facet normal -0.0653917 -0.99786 0
    outer loop
      vertex -52.775 -6.8 1.6
      vertex -52.6575 -6.8077 7.1
      vertex -52.775 -6.8 7.1
    endloop
  endfacet
  facet normal -0.0653917 -0.99786 -0
    outer loop
      vertex -52.6575 -6.8077 7.1
      vertex -52.775 -6.8 1.6
      vertex -52.6575 -6.8077 1.6
    endloop
  endfacet
  facet normal -0.94704 0.321117 0
    outer loop
      vertex -51.9435 -8.04442 1.6
      vertex -51.9057 -7.93294 7.1
      vertex -51.9057 -7.93294 1.6
    endloop
  endfacet
  facet normal -0.94704 0.321117 0
    outer loop
      vertex -51.9057 -7.93294 7.1
      vertex -51.9435 -8.04442 1.6
      vertex -51.9435 -8.04442 7.1
    endloop
  endfacet
  facet normal 0.896759 0.442519 0
    outer loop
      vertex -53.5544 -8.15 7.1
      vertex -53.6065 -8.04442 1.6
      vertex -53.6065 -8.04442 7.1
    endloop
  endfacet
  facet normal 0.896759 0.442519 0
    outer loop
      vertex -53.6065 -8.04442 1.6
      vertex -53.5544 -8.15 7.1
      vertex -53.5544 -8.15 1.6
    endloop
  endfacet
  facet normal 0.442247 0.896893 -0
    outer loop
      vertex -53.1194 -8.53149 1.6
      vertex -53.225 -8.47942 7.1
      vertex -53.1194 -8.53149 7.1
    endloop
  endfacet
  facet normal 0.442247 0.896893 0
    outer loop
      vertex -53.225 -8.47942 7.1
      vertex -53.1194 -8.53149 1.6
      vertex -53.225 -8.47942 1.6
    endloop
  endfacet
  facet normal -0.442247 0.896893 0
    outer loop
      vertex -52.325 -8.47942 1.6
      vertex -52.4306 -8.53149 7.1
      vertex -52.325 -8.47942 7.1
    endloop
  endfacet
  facet normal -0.442247 0.896893 0
    outer loop
      vertex -52.4306 -8.53149 7.1
      vertex -52.325 -8.47942 1.6
      vertex -52.4306 -8.53149 1.6
    endloop
  endfacet
  facet normal 0.32137 -0.946954 0
    outer loop
      vertex -53.1194 -6.86851 1.6
      vertex -53.0079 -6.83067 7.1
      vertex -53.1194 -6.86851 7.1
    endloop
  endfacet
  facet normal 0.32137 -0.946954 0
    outer loop
      vertex -53.0079 -6.83067 7.1
      vertex -53.1194 -6.86851 1.6
      vertex -53.0079 -6.83067 1.6
    endloop
  endfacet
  facet normal 0.751966 -0.659202 0
    outer loop
      vertex -53.489 -7.15212 7.1
      vertex -53.4114 -7.0636 1.6
      vertex -53.4114 -7.0636 7.1
    endloop
  endfacet
  facet normal 0.751966 -0.659202 0
    outer loop
      vertex -53.4114 -7.0636 1.6
      vertex -53.489 -7.15212 7.1
      vertex -53.489 -7.15212 1.6
    endloop
  endfacet
  facet normal 0.896776 -0.442485 0
    outer loop
      vertex -53.6065 -7.35559 7.1
      vertex -53.5544 -7.25 1.6
      vertex -53.5544 -7.25 7.1
    endloop
  endfacet
  facet normal 0.896776 -0.442485 0
    outer loop
      vertex -53.5544 -7.25 1.6
      vertex -53.6065 -7.35559 7.1
      vertex -53.6065 -7.35559 1.6
    endloop
  endfacet
  facet normal 0.980734 -0.195348 0
    outer loop
      vertex -53.6673 -7.58253 7.1
      vertex -53.6443 -7.46706 1.6
      vertex -53.6443 -7.46706 7.1
    endloop
  endfacet
  facet normal 0.980734 -0.195348 0
    outer loop
      vertex -53.6443 -7.46706 1.6
      vertex -53.6673 -7.58253 7.1
      vertex -53.6673 -7.58253 1.6
    endloop
  endfacet
  facet normal 0.0653917 0.99786 -0
    outer loop
      vertex -52.775 -8.6 1.6
      vertex -52.8925 -8.5923 7.1
      vertex -52.775 -8.6 7.1
    endloop
  endfacet
  facet normal 0.0653917 0.99786 0
    outer loop
      vertex -52.8925 -8.5923 7.1
      vertex -52.775 -8.6 1.6
      vertex -52.8925 -8.5923 1.6
    endloop
  endfacet
  facet normal 0.195217 0.98076 -0
    outer loop
      vertex -52.8925 -8.5923 1.6
      vertex -53.0079 -8.56933 7.1
      vertex -52.8925 -8.5923 7.1
    endloop
  endfacet
  facet normal 0.195217 0.98076 0
    outer loop
      vertex -53.0079 -8.56933 7.1
      vertex -52.8925 -8.5923 1.6
      vertex -53.0079 -8.56933 1.6
    endloop
  endfacet
  facet normal 0.659382 0.751808 -0
    outer loop
      vertex -53.3229 -8.41402 1.6
      vertex -53.4114 -8.3364 7.1
      vertex -53.3229 -8.41402 7.1
    endloop
  endfacet
  facet normal 0.659382 0.751808 0
    outer loop
      vertex -53.4114 -8.3364 7.1
      vertex -53.3229 -8.41402 1.6
      vertex -53.4114 -8.3364 1.6
    endloop
  endfacet
  facet normal 0.831501 0.555523 0
    outer loop
      vertex -53.489 -8.24789 7.1
      vertex -53.5544 -8.15 1.6
      vertex -53.5544 -8.15 7.1
    endloop
  endfacet
  facet normal 0.831501 0.555523 0
    outer loop
      vertex -53.5544 -8.15 1.6
      vertex -53.489 -8.24789 7.1
      vertex -53.489 -8.24789 1.6
    endloop
  endfacet
  facet normal 0.980734 0.195348 0
    outer loop
      vertex -53.6443 -7.93294 7.1
      vertex -53.6673 -7.81747 1.6
      vertex -53.6673 -7.81747 7.1
    endloop
  endfacet
  facet normal 0.980734 0.195348 0
    outer loop
      vertex -53.6673 -7.81747 1.6
      vertex -53.6443 -7.93294 7.1
      vertex -53.6443 -7.93294 1.6
    endloop
  endfacet
  facet normal 0.751929 0.659244 0
    outer loop
      vertex -53.4114 -8.3364 7.1
      vertex -53.489 -8.24789 1.6
      vertex -53.489 -8.24789 7.1
    endloop
  endfacet
  facet normal 0.751929 0.659244 0
    outer loop
      vertex -53.489 -8.24789 1.6
      vertex -53.4114 -8.3364 7.1
      vertex -53.4114 -8.3364 1.6
    endloop
  endfacet
  facet normal 0.0653917 -0.99786 0
    outer loop
      vertex -52.8925 -6.8077 1.6
      vertex -52.775 -6.8 7.1
      vertex -52.8925 -6.8077 7.1
    endloop
  endfacet
  facet normal 0.0653917 -0.99786 0
    outer loop
      vertex -52.775 -6.8 7.1
      vertex -52.8925 -6.8077 1.6
      vertex -52.775 -6.8 1.6
    endloop
  endfacet
  facet normal -0.555484 -0.831527 0
    outer loop
      vertex -52.325 -6.92058 1.6
      vertex -52.2271 -6.98598 7.1
      vertex -52.325 -6.92058 7.1
    endloop
  endfacet
  facet normal -0.555484 -0.831527 -0
    outer loop
      vertex -52.2271 -6.98598 7.1
      vertex -52.325 -6.92058 1.6
      vertex -52.2271 -6.98598 1.6
    endloop
  endfacet
  facet normal -0.947031 -0.321143 0
    outer loop
      vertex -51.9057 -7.46706 1.6
      vertex -51.9435 -7.35559 7.1
      vertex -51.9435 -7.35559 1.6
    endloop
  endfacet
  facet normal -0.947031 -0.321143 0
    outer loop
      vertex -51.9435 -7.35559 7.1
      vertex -51.9057 -7.46706 1.6
      vertex -51.9057 -7.46706 7.1
    endloop
  endfacet
  facet normal -0.659382 -0.751808 0
    outer loop
      vertex -52.2271 -6.98598 1.6
      vertex -52.1386 -7.0636 7.1
      vertex -52.2271 -6.98598 7.1
    endloop
  endfacet
  facet normal -0.659382 -0.751808 -0
    outer loop
      vertex -52.1386 -7.0636 7.1
      vertex -52.2271 -6.98598 1.6
      vertex -52.1386 -7.0636 1.6
    endloop
  endfacet
  facet normal -0.831475 -0.555562 0
    outer loop
      vertex -51.9956 -7.25 1.6
      vertex -52.061 -7.15212 7.1
      vertex -52.061 -7.15212 1.6
    endloop
  endfacet
  facet normal -0.831475 -0.555562 0
    outer loop
      vertex -52.061 -7.15212 7.1
      vertex -51.9956 -7.25 1.6
      vertex -51.9956 -7.25 7.1
    endloop
  endfacet
  facet normal -0.997859 0.0654083 0
    outer loop
      vertex -51.8827 -7.81747 1.6
      vertex -51.875 -7.7 7.1
      vertex -51.875 -7.7 1.6
    endloop
  endfacet
  facet normal -0.997859 0.0654083 0
    outer loop
      vertex -51.875 -7.7 7.1
      vertex -51.8827 -7.81747 1.6
      vertex -51.8827 -7.81747 7.1
    endloop
  endfacet
  facet normal -0.896759 0.442519 0
    outer loop
      vertex -51.9956 -8.15 1.6
      vertex -51.9435 -8.04442 7.1
      vertex -51.9435 -8.04442 1.6
    endloop
  endfacet
  facet normal -0.896759 0.442519 0
    outer loop
      vertex -51.9435 -8.04442 7.1
      vertex -51.9956 -8.15 1.6
      vertex -51.9956 -8.15 7.1
    endloop
  endfacet
  facet normal -0.831501 0.555523 0
    outer loop
      vertex -52.061 -8.24789 1.6
      vertex -51.9956 -8.15 7.1
      vertex -51.9956 -8.15 1.6
    endloop
  endfacet
  facet normal -0.831501 0.555523 0
    outer loop
      vertex -51.9956 -8.15 7.1
      vertex -52.061 -8.24789 1.6
      vertex -52.061 -8.24789 7.1
    endloop
  endfacet
  facet normal -0.0653917 0.99786 0
    outer loop
      vertex -52.6575 -8.5923 1.6
      vertex -52.775 -8.6 7.1
      vertex -52.6575 -8.5923 7.1
    endloop
  endfacet
  facet normal -0.0653917 0.99786 0
    outer loop
      vertex -52.775 -8.6 7.1
      vertex -52.6575 -8.5923 1.6
      vertex -52.775 -8.6 1.6
    endloop
  endfacet
  facet normal 0 0 1
    outer loop
      vertex -51.8827 -7.58253 1.6
      vertex -51.8827 -7.81747 1.6
      vertex -51.875 -7.7 1.6
    endloop
  endfacet
  facet normal 0 0 1
    outer loop
      vertex -51.9057 -7.46706 1.6
      vertex -51.8827 -7.81747 1.6
      vertex -51.8827 -7.58253 1.6
    endloop
  endfacet
  facet normal 0 0 1
    outer loop
      vertex -51.9057 -7.46706 1.6
      vertex -51.9057 -7.93294 1.6
      vertex -51.8827 -7.81747 1.6
    endloop
  endfacet
  facet normal 0 0 1
    outer loop
      vertex -51.9435 -7.35559 1.6
      vertex -51.9057 -7.93294 1.6
      vertex -51.9057 -7.46706 1.6
    endloop
  endfacet
  facet normal 0 0 1
    outer loop
      vertex -51.9435 -7.35559 1.6
      vertex -51.9435 -8.04442 1.6
      vertex -51.9057 -7.93294 1.6
    endloop
  endfacet
  facet normal 0 0 1
    outer loop
      vertex -51.9956 -7.25 1.6
      vertex -51.9435 -8.04442 1.6
      vertex -51.9435 -7.35559 1.6
    endloop
  endfacet
  facet normal 0 0 1
    outer loop
      vertex -51.9956 -7.25 1.6
      vertex -51.9956 -8.15 1.6
      vertex -51.9435 -8.04442 1.6
    endloop
  endfacet
  facet normal 0 0 1
    outer loop
      vertex -52.061 -7.15212 1.6
      vertex -51.9956 -8.15 1.6
      vertex -51.9956 -7.25 1.6
    endloop
  endfacet
  facet normal 0 0 1
    outer loop
      vertex -52.061 -7.15212 1.6
      vertex -52.061 -8.24789 1.6
      vertex -51.9956 -8.15 1.6
    endloop
  endfacet
  facet normal 0 0 1
    outer loop
      vertex -52.1386 -7.0636 1.6
      vertex -52.061 -8.24789 1.6
      vertex -52.061 -7.15212 1.6
    endloop
  endfacet
  facet normal 0 0 1
    outer loop
      vertex -52.1386 -7.0636 1.6
      vertex -52.1386 -8.3364 1.6
      vertex -52.061 -8.24789 1.6
    endloop
  endfacet
  facet normal 0 0 1
    outer loop
      vertex -52.2271 -6.98598 1.6
      vertex -52.1386 -8.3364 1.6
      vertex -52.1386 -7.0636 1.6
    endloop
  endfacet
  facet normal 0 0 1
    outer loop
      vertex -52.2271 -6.98598 1.6
      vertex -52.2271 -8.41402 1.6
      vertex -52.1386 -8.3364 1.6
    endloop
  endfacet
  facet normal 0 0 1
    outer loop
      vertex -52.325 -6.92058 1.6
      vertex -52.2271 -8.41402 1.6
      vertex -52.2271 -6.98598 1.6
    endloop
  endfacet
  facet normal 0 0 1
    outer loop
      vertex -52.325 -6.92058 1.6
      vertex -52.325 -8.47942 1.6
      vertex -52.2271 -8.41402 1.6
    endloop
  endfacet
  facet normal 0 0 1
    outer loop
      vertex -52.4306 -6.86851 1.6
      vertex -52.325 -8.47942 1.6
      vertex -52.325 -6.92058 1.6
    endloop
  endfacet
  facet normal 0 0 1
    outer loop
      vertex -52.4306 -6.86851 1.6
      vertex -52.4306 -8.53149 1.6
      vertex -52.325 -8.47942 1.6
    endloop
  endfacet
  facet normal 0 0 1
    outer loop
      vertex -52.5421 -6.83067 1.6
      vertex -52.4306 -8.53149 1.6
      vertex -52.4306 -6.86851 1.6
    endloop
  endfacet
  facet normal 0 0 1
    outer loop
      vertex -52.5421 -6.83067 1.6
      vertex -52.5421 -8.56933 1.6
      vertex -52.4306 -8.53149 1.6
    endloop
  endfacet
  facet normal 0 0 1
    outer loop
      vertex -52.6575 -6.8077 1.6
      vertex -52.5421 -8.56933 1.6
      vertex -52.5421 -6.83067 1.6
    endloop
  endfacet
  facet normal 0 0 1
    outer loop
      vertex -52.6575 -6.8077 1.6
      vertex -52.6575 -8.5923 1.6
      vertex -52.5421 -8.56933 1.6
    endloop
  endfacet
  facet normal 0 0 1
    outer loop
      vertex -52.775 -6.8 1.6
      vertex -52.6575 -8.5923 1.6
      vertex -52.6575 -6.8077 1.6
    endloop
  endfacet
  facet normal 0 0 1
    outer loop
      vertex -52.775 -6.8 1.6
      vertex -52.775 -8.6 1.6
      vertex -52.6575 -8.5923 1.6
    endloop
  endfacet
  facet normal -0 0 1
    outer loop
      vertex -52.8925 -6.8077 1.6
      vertex -52.775 -8.6 1.6
      vertex -52.775 -6.8 1.6
    endloop
  endfacet
  facet normal 0 0 1
    outer loop
      vertex -52.8925 -6.8077 1.6
      vertex -52.8925 -8.5923 1.6
      vertex -52.775 -8.6 1.6
    endloop
  endfacet
  facet normal -0 0 1
    outer loop
      vertex -53.0079 -6.83067 1.6
      vertex -52.8925 -8.5923 1.6
      vertex -52.8925 -6.8077 1.6
    endloop
  endfacet
  facet normal 0 0 1
    outer loop
      vertex -53.0079 -6.83067 1.6
      vertex -53.0079 -8.56933 1.6
      vertex -52.8925 -8.5923 1.6
    endloop
  endfacet
  facet normal -0 0 1
    outer loop
      vertex -53.1194 -6.86851 1.6
      vertex -53.0079 -8.56933 1.6
      vertex -53.0079 -6.83067 1.6
    endloop
  endfacet
  facet normal 0 0 1
    outer loop
      vertex -53.1194 -6.86851 1.6
      vertex -53.1194 -8.53149 1.6
      vertex -53.0079 -8.56933 1.6
    endloop
  endfacet
  facet normal -0 0 1
    outer loop
      vertex -53.225 -6.92058 1.6
      vertex -53.1194 -8.53149 1.6
      vertex -53.1194 -6.86851 1.6
    endloop
  endfacet
  facet normal 0 0 1
    outer loop
      vertex -53.225 -6.92058 1.6
      vertex -53.225 -8.47942 1.6
      vertex -53.1194 -8.53149 1.6
    endloop
  endfacet
  facet normal -0 0 1
    outer loop
      vertex -53.3229 -6.98598 1.6
      vertex -53.225 -8.47942 1.6
      vertex -53.225 -6.92058 1.6
    endloop
  endfacet
  facet normal 0 0 1
    outer loop
      vertex -53.3229 -6.98598 1.6
      vertex -53.3229 -8.41402 1.6
      vertex -53.225 -8.47942 1.6
    endloop
  endfacet
  facet normal -0 0 1
    outer loop
      vertex -53.4114 -7.0636 1.6
      vertex -53.3229 -8.41402 1.6
      vertex -53.3229 -6.98598 1.6
    endloop
  endfacet
  facet normal 0 0 1
    outer loop
      vertex -53.4114 -7.0636 1.6
      vertex -53.4114 -8.3364 1.6
      vertex -53.3229 -8.41402 1.6
    endloop
  endfacet
  facet normal -0 0 1
    outer loop
      vertex -53.489 -7.15212 1.6
      vertex -53.4114 -8.3364 1.6
      vertex -53.4114 -7.0636 1.6
    endloop
  endfacet
  facet normal 0 0 1
    outer loop
      vertex -53.489 -7.15212 1.6
      vertex -53.489 -8.24789 1.6
      vertex -53.4114 -8.3364 1.6
    endloop
  endfacet
  facet normal -0 0 1
    outer loop
      vertex -53.5544 -7.25 1.6
      vertex -53.489 -8.24789 1.6
      vertex -53.489 -7.15212 1.6
    endloop
  endfacet
  facet normal 0 0 1
    outer loop
      vertex -53.5544 -7.25 1.6
      vertex -53.5544 -8.15 1.6
      vertex -53.489 -8.24789 1.6
    endloop
  endfacet
  facet normal -0 0 1
    outer loop
      vertex -53.6065 -7.35559 1.6
      vertex -53.5544 -8.15 1.6
      vertex -53.5544 -7.25 1.6
    endloop
  endfacet
  facet normal 0 0 1
    outer loop
      vertex -53.6065 -7.35559 1.6
      vertex -53.6065 -8.04442 1.6
      vertex -53.5544 -8.15 1.6
    endloop
  endfacet
  facet normal -0 0 1
    outer loop
      vertex -53.6443 -7.46706 1.6
      vertex -53.6065 -8.04442 1.6
      vertex -53.6065 -7.35559 1.6
    endloop
  endfacet
  facet normal 0 0 1
    outer loop
      vertex -53.6443 -7.46706 1.6
      vertex -53.6443 -7.93294 1.6
      vertex -53.6065 -8.04442 1.6
    endloop
  endfacet
  facet normal -0 0 1
    outer loop
      vertex -53.6673 -7.58253 1.6
      vertex -53.6443 -7.93294 1.6
      vertex -53.6443 -7.46706 1.6
    endloop
  endfacet
  facet normal 0 0 1
    outer loop
      vertex -53.6673 -7.58253 1.6
      vertex -53.6673 -7.81747 1.6
      vertex -53.6443 -7.93294 1.6
    endloop
  endfacet
  facet normal 0 -0 1
    outer loop
      vertex -53.6673 -7.81747 1.6
      vertex -53.6673 -7.58253 1.6
      vertex -53.675 -7.7 1.6
    endloop
  endfacet
  facet normal 0.195217 -0.98076 0
    outer loop
      vertex -53.0079 -6.83067 1.6
      vertex -52.8925 -6.8077 7.1
      vertex -53.0079 -6.83067 7.1
    endloop
  endfacet
  facet normal 0.195217 -0.98076 0
    outer loop
      vertex -52.8925 -6.8077 7.1
      vertex -53.0079 -6.83067 1.6
      vertex -52.8925 -6.8077 1.6
    endloop
  endfacet
  facet normal 0.442247 -0.896893 0
    outer loop
      vertex -53.225 -6.92058 1.6
      vertex -53.1194 -6.86851 7.1
      vertex -53.225 -6.92058 7.1
    endloop
  endfacet
  facet normal 0.442247 -0.896893 0
    outer loop
      vertex -53.1194 -6.86851 7.1
      vertex -53.225 -6.92058 1.6
      vertex -53.1194 -6.86851 1.6
    endloop
  endfacet
  facet normal 0.555484 -0.831527 0
    outer loop
      vertex -53.3229 -6.98598 1.6
      vertex -53.225 -6.92058 7.1
      vertex -53.3229 -6.98598 7.1
    endloop
  endfacet
  facet normal 0.555484 -0.831527 0
    outer loop
      vertex -53.225 -6.92058 7.1
      vertex -53.3229 -6.98598 1.6
      vertex -53.225 -6.92058 1.6
    endloop
  endfacet
  facet normal 0.659382 -0.751808 0
    outer loop
      vertex -53.4114 -7.0636 1.6
      vertex -53.3229 -6.98598 7.1
      vertex -53.4114 -7.0636 7.1
    endloop
  endfacet
  facet normal 0.659382 -0.751808 0
    outer loop
      vertex -53.3229 -6.98598 7.1
      vertex -53.4114 -7.0636 1.6
      vertex -53.3229 -6.98598 1.6
    endloop
  endfacet
  facet normal 0.997859 0.0654083 0
    outer loop
      vertex -53.6673 -7.81747 7.1
      vertex -53.675 -7.7 1.6
      vertex -53.675 -7.7 7.1
    endloop
  endfacet
  facet normal 0.997859 0.0654083 0
    outer loop
      vertex -53.675 -7.7 1.6
      vertex -53.6673 -7.81747 7.1
      vertex -53.6673 -7.81747 1.6
    endloop
  endfacet
  facet normal 0.947031 -0.321143 0
    outer loop
      vertex -53.6443 -7.46706 7.1
      vertex -53.6065 -7.35559 1.6
      vertex -53.6065 -7.35559 7.1
    endloop
  endfacet
  facet normal 0.947031 -0.321143 0
    outer loop
      vertex -53.6065 -7.35559 1.6
      vertex -53.6443 -7.46706 7.1
      vertex -53.6443 -7.46706 1.6
    endloop
  endfacet
  facet normal 0.997859 -0.0654083 0
    outer loop
      vertex -53.675 -7.7 7.1
      vertex -53.6673 -7.58253 1.6
      vertex -53.6673 -7.58253 7.1
    endloop
  endfacet
  facet normal 0.997859 -0.0654083 0
    outer loop
      vertex -53.6673 -7.58253 1.6
      vertex -53.675 -7.7 7.1
      vertex -53.675 -7.7 1.6
    endloop
  endfacet
  facet normal 0.32137 0.946954 -0
    outer loop
      vertex -53.0079 -8.56933 1.6
      vertex -53.1194 -8.53149 7.1
      vertex -53.0079 -8.56933 7.1
    endloop
  endfacet
  facet normal 0.32137 0.946954 0
    outer loop
      vertex -53.1194 -8.53149 7.1
      vertex -53.0079 -8.56933 1.6
      vertex -53.1194 -8.53149 1.6
    endloop
  endfacet
  facet normal 0.555484 0.831527 -0
    outer loop
      vertex -53.225 -8.47942 1.6
      vertex -53.3229 -8.41402 7.1
      vertex -53.225 -8.47942 7.1
    endloop
  endfacet
  facet normal 0.555484 0.831527 0
    outer loop
      vertex -53.3229 -8.41402 7.1
      vertex -53.225 -8.47942 1.6
      vertex -53.3229 -8.41402 1.6
    endloop
  endfacet
  facet normal 0.94704 0.321117 0
    outer loop
      vertex -53.6065 -8.04442 7.1
      vertex -53.6443 -7.93294 1.6
      vertex -53.6443 -7.93294 7.1
    endloop
  endfacet
  facet normal 0.94704 0.321117 0
    outer loop
      vertex -53.6443 -7.93294 1.6
      vertex -53.6065 -8.04442 7.1
      vertex -53.6065 -8.04442 1.6
    endloop
  endfacet
  facet normal -0.997859 -0.0654083 0
    outer loop
      vertex -51.875 -7.7 1.6
      vertex -51.8827 -7.58253 7.1
      vertex -51.8827 -7.58253 1.6
    endloop
  endfacet
  facet normal -0.997859 -0.0654083 0
    outer loop
      vertex -51.8827 -7.58253 7.1
      vertex -51.875 -7.7 1.6
      vertex -51.875 -7.7 7.1
    endloop
  endfacet
  facet normal -0.195217 -0.98076 0
    outer loop
      vertex -52.6575 -6.8077 1.6
      vertex -52.5421 -6.83067 7.1
      vertex -52.6575 -6.8077 7.1
    endloop
  endfacet
  facet normal -0.195217 -0.98076 -0
    outer loop
      vertex -52.5421 -6.83067 7.1
      vertex -52.6575 -6.8077 1.6
      vertex -52.5421 -6.83067 1.6
    endloop
  endfacet
  facet normal -0.32137 -0.946954 0
    outer loop
      vertex -52.5421 -6.83067 1.6
      vertex -52.4306 -6.86851 7.1
      vertex -52.5421 -6.83067 7.1
    endloop
  endfacet
  facet normal -0.32137 -0.946954 -0
    outer loop
      vertex -52.4306 -6.86851 7.1
      vertex -52.5421 -6.83067 1.6
      vertex -52.4306 -6.86851 1.6
    endloop
  endfacet
  facet normal -0.980734 -0.195348 0
    outer loop
      vertex -51.8827 -7.58253 1.6
      vertex -51.9057 -7.46706 7.1
      vertex -51.9057 -7.46706 1.6
    endloop
  endfacet
  facet normal -0.980734 -0.195348 0
    outer loop
      vertex -51.9057 -7.46706 7.1
      vertex -51.8827 -7.58253 1.6
      vertex -51.8827 -7.58253 7.1
    endloop
  endfacet
  facet normal -0.751966 -0.659202 0
    outer loop
      vertex -52.061 -7.15212 1.6
      vertex -52.1386 -7.0636 7.1
      vertex -52.1386 -7.0636 1.6
    endloop
  endfacet
  facet normal -0.751966 -0.659202 0
    outer loop
      vertex -52.1386 -7.0636 7.1
      vertex -52.061 -7.15212 1.6
      vertex -52.061 -7.15212 7.1
    endloop
  endfacet
  facet normal -0.980734 0.195348 0
    outer loop
      vertex -51.9057 -7.93294 1.6
      vertex -51.8827 -7.81747 7.1
      vertex -51.8827 -7.81747 1.6
    endloop
  endfacet
  facet normal -0.980734 0.195348 0
    outer loop
      vertex -51.8827 -7.81747 7.1
      vertex -51.9057 -7.93294 1.6
      vertex -51.9057 -7.93294 7.1
    endloop
  endfacet
  facet normal -0.751929 0.659244 0
    outer loop
      vertex -52.1386 -8.3364 1.6
      vertex -52.061 -8.24789 7.1
      vertex -52.061 -8.24789 1.6
    endloop
  endfacet
  facet normal -0.751929 0.659244 0
    outer loop
      vertex -52.061 -8.24789 7.1
      vertex -52.1386 -8.3364 1.6
      vertex -52.1386 -8.3364 7.1
    endloop
  endfacet
  facet normal -0.195217 0.98076 0
    outer loop
      vertex -52.5421 -8.56933 1.6
      vertex -52.6575 -8.5923 7.1
      vertex -52.5421 -8.56933 7.1
    endloop
  endfacet
  facet normal -0.195217 0.98076 0
    outer loop
      vertex -52.6575 -8.5923 7.1
      vertex -52.5421 -8.56933 1.6
      vertex -52.6575 -8.5923 1.6
    endloop
  endfacet
  facet normal -0.659382 0.751808 0
    outer loop
      vertex -52.1386 -8.3364 1.6
      vertex -52.2271 -8.41402 7.1
      vertex -52.1386 -8.3364 7.1
    endloop
  endfacet
  facet normal -0.659382 0.751808 0
    outer loop
      vertex -52.2271 -8.41402 7.1
      vertex -52.1386 -8.3364 1.6
      vertex -52.2271 -8.41402 1.6
    endloop
  endfacet
  facet normal -0.442247 -0.896893 0
    outer loop
      vertex -52.4306 -6.86851 1.6
      vertex -52.325 -6.92058 7.1
      vertex -52.4306 -6.86851 7.1
    endloop
  endfacet
  facet normal -0.442247 -0.896893 -0
    outer loop
      vertex -52.325 -6.92058 7.1
      vertex -52.4306 -6.86851 1.6
      vertex -52.325 -6.92058 1.6
    endloop
  endfacet
  facet normal -0.896776 -0.442485 0
    outer loop
      vertex -51.9435 -7.35559 1.6
      vertex -51.9956 -7.25 7.1
      vertex -51.9956 -7.25 1.6
    endloop
  endfacet
  facet normal -0.896776 -0.442485 0
    outer loop
      vertex -51.9956 -7.25 7.1
      vertex -51.9435 -7.35559 1.6
      vertex -51.9435 -7.35559 7.1
    endloop
  endfacet
  facet normal -0.32137 0.946954 0
    outer loop
      vertex -52.4306 -8.53149 1.6
      vertex -52.5421 -8.56933 7.1
      vertex -52.4306 -8.53149 7.1
    endloop
  endfacet
  facet normal -0.32137 0.946954 0
    outer loop
      vertex -52.5421 -8.56933 7.1
      vertex -52.4306 -8.53149 1.6
      vertex -52.5421 -8.56933 1.6
    endloop
  endfacet
  facet normal -0.555484 0.831527 0
    outer loop
      vertex -52.2271 -8.41402 1.6
      vertex -52.325 -8.47942 7.1
      vertex -52.2271 -8.41402 7.1
    endloop
  endfacet
  facet normal -0.555484 0.831527 0
    outer loop
      vertex -52.325 -8.47942 7.1
      vertex -52.2271 -8.41402 1.6
      vertex -52.325 -8.47942 1.6
    endloop
  endfacet
  facet normal -1 0 0
    outer loop
      vertex -37.5 -17.055 0
      vertex -37.5 -3 1.6
      vertex -37.5 -3 0
    endloop
  endfacet
  facet normal -1 -0 0
    outer loop
      vertex -37.5 -3 1.6
      vertex -37.5 -17.055 0
      vertex -37.5 -17.055 1.6
    endloop
  endfacet
  facet normal 1 -0 0
    outer loop
      vertex -32.5 -17.055 1.6
      vertex -32.5 -3 0
      vertex -32.5 -3 1.6
    endloop
  endfacet
  facet normal 1 0 0
    outer loop
      vertex -32.5 -3 0
      vertex -32.5 -17.055 1.6
      vertex -32.5 -17.055 0
    endloop
  endfacet
  facet normal -1 0 0
    outer loop
      vertex 32.5 -17.055 0
      vertex 32.5 -3 1.6
      vertex 32.5 -3 0
    endloop
  endfacet
  facet normal -1 -0 0
    outer loop
      vertex 32.5 -3 1.6
      vertex 32.5 -17.055 0
      vertex 32.5 -17.055 1.6
    endloop
  endfacet
  facet normal 1 -0 0
    outer loop
      vertex 37.5 -17.055 1.6
      vertex 37.5 -3 0
      vertex 37.5 -3 1.6
    endloop
  endfacet
  facet normal 1 0 0
    outer loop
      vertex 37.5 -3 0
      vertex 37.5 -17.055 1.6
      vertex 37.5 -17.055 0
    endloop
  endfacet
  facet normal 0 0 1
    outer loop
      vertex -46.1 21.5 5
      vertex -46.1 19.7 5
      vertex -45.45 19.7 5
    endloop
  endfacet
  facet normal -0 0 1
    outer loop
      vertex -47.3 21.5 5
      vertex -46.1 19.7 5
      vertex -46.1 21.5 5
    endloop
  endfacet
  facet normal 0 0 1
    outer loop
      vertex -46.1 19.7 5
      vertex -47.3 21.5 5
      vertex -46.1 0 5
    endloop
  endfacet
  facet normal 0 0 1
    outer loop
      vertex -43.9 19.7 5
      vertex -42.7 21.5 5
      vertex -43.9 21.5 5
    endloop
  endfacet
  facet normal 0 0 1
    outer loop
      vertex 43.9 21.5 5
      vertex 43.9 19.7 5
      vertex 44.55 19.7 5
    endloop
  endfacet
  facet normal -0 0 1
    outer loop
      vertex 42.7 21.5 5
      vertex 43.9 19.7 5
      vertex 43.9 21.5 5
    endloop
  endfacet
  facet normal 0 0 1
    outer loop
      vertex 42.7 0 5
      vertex 43.9 19.7 5
      vertex 42.7 21.5 5
    endloop
  endfacet
  facet normal 0 0 1
    outer loop
      vertex 46.1 21.5 5
      vertex 45.45 19.7 5
      vertex 46.1 19.7 5
    endloop
  endfacet
  facet normal 0 0 1
    outer loop
      vertex 46.1 19.7 5
      vertex 47.3 21.5 5
      vertex 46.1 21.5 5
    endloop
  endfacet
  facet normal 0 0 1
    outer loop
      vertex 46.1 0 5
      vertex 47.3 21.5 5
      vertex 46.1 19.7 5
    endloop
  endfacet
  facet normal 0 0 1
    outer loop
      vertex 47.3 21.5 5
      vertex 46.1 0 5
      vertex 47.3 -3 5
    endloop
  endfacet
  facet normal -0 0 1
    outer loop
      vertex 43.9 0 5
      vertex 47.3 -3 5
      vertex 46.1 0 5
    endloop
  endfacet
  facet normal 0 0 1
    outer loop
      vertex 43.9 19.7 5
      vertex 42.7 0 5
      vertex 43.9 0 5
    endloop
  endfacet
  facet normal -0 0 1
    outer loop
      vertex 42.7 0 5
      vertex 47.3 -3 5
      vertex 43.9 0 5
    endloop
  endfacet
  facet normal -0 0 1
    outer loop
      vertex -42.7 0 5
      vertex 47.3 -3 5
      vertex 42.7 0 5
    endloop
  endfacet
  facet normal 0 0 1
    outer loop
      vertex -42.7 21.5 5
      vertex -43.9 19.7 5
      vertex -42.7 0 5
    endloop
  endfacet
  facet normal 0 0 1
    outer loop
      vertex -43.9 0 5
      vertex -42.7 0 5
      vertex -43.9 19.7 5
    endloop
  endfacet
  facet normal 0 0 1
    outer loop
      vertex -47.3 -3 5
      vertex -42.7 0 5
      vertex -43.9 0 5
    endloop
  endfacet
  facet normal 0 0 1
    outer loop
      vertex -47.3 -3 5
      vertex -43.9 0 5
      vertex -46.1 0 5
    endloop
  endfacet
  facet normal 0 0 1
    outer loop
      vertex -42.7 0 5
      vertex -47.3 -3 5
      vertex 47.3 -3 5
    endloop
  endfacet
  facet normal 0 0 1
    outer loop
      vertex -47.3 -3 5
      vertex -46.1 0 5
      vertex -47.3 21.5 5
    endloop
  endfacet
  facet normal 0 0 1
    outer loop
      vertex -43.9 21.5 5
      vertex -44.55 19.7 5
      vertex -43.9 19.7 5
    endloop
  endfacet
  facet normal -0.940554 0.339644 0
    outer loop
      vertex 45.45 19.7 0
      vertex 46.1 21.5 5
      vertex 46.1 21.5 0
    endloop
  endfacet
  facet normal -0.940554 0.339644 0
    outer loop
      vertex 46.1 21.5 5
      vertex 45.45 19.7 0
      vertex 45.45 19.7 5
    endloop
  endfacet
  facet normal 0 -1 0
    outer loop
      vertex 45.45 19.7 0
      vertex 46.1 19.7 5
      vertex 45.45 19.7 5
    endloop
  endfacet
  facet normal 0 -1 -0
    outer loop
      vertex 46.1 19.7 5
      vertex 45.45 19.7 0
      vertex 46.1 19.7 0
    endloop
  endfacet
  facet normal -1 0 0
    outer loop
      vertex 46.1 0 0
      vertex 46.1 19.7 5
      vertex 46.1 19.7 0
    endloop
  endfacet
  facet normal -1 -0 0
    outer loop
      vertex 46.1 19.7 5
      vertex 46.1 0 0
      vertex 46.1 0 5
    endloop
  endfacet
  facet normal 0 1 -0
    outer loop
      vertex 46.1 0 0
      vertex 43.9 0 5
      vertex 46.1 0 5
    endloop
  endfacet
  facet normal 0 1 0
    outer loop
      vertex 43.9 0 5
      vertex 46.1 0 0
      vertex 43.9 0 0
    endloop
  endfacet
  facet normal 1 -0 0
    outer loop
      vertex 43.9 0 5
      vertex 43.9 19.7 0
      vertex 43.9 19.7 5
    endloop
  endfacet
  facet normal 1 0 0
    outer loop
      vertex 43.9 19.7 0
      vertex 43.9 0 5
      vertex 43.9 0 0
    endloop
  endfacet
  facet normal 0 -1 0
    outer loop
      vertex 43.9 19.7 0
      vertex 44.55 19.7 5
      vertex 43.9 19.7 5
    endloop
  endfacet
  facet normal 0 -1 -0
    outer loop
      vertex 44.55 19.7 5
      vertex 43.9 19.7 0
      vertex 44.55 19.7 0
    endloop
  endfacet
  facet normal 0.940554 0.339644 0
    outer loop
      vertex 44.55 19.7 5
      vertex 43.9 21.5 0
      vertex 43.9 21.5 5
    endloop
  endfacet
  facet normal 0.940554 0.339644 0
    outer loop
      vertex 43.9 21.5 0
      vertex 44.55 19.7 5
      vertex 44.55 19.7 0
    endloop
  endfacet
  facet normal 0 1 -0
    outer loop
      vertex 43.9 21.5 0
      vertex 42.7 21.5 5
      vertex 43.9 21.5 5
    endloop
  endfacet
  facet normal 0 1 0
    outer loop
      vertex 42.7 21.5 5
      vertex 43.9 21.5 0
      vertex 42.7 21.5 0
    endloop
  endfacet
  facet normal -1 0 0
    outer loop
      vertex 42.7 0 0
      vertex 42.7 21.5 5
      vertex 42.7 21.5 0
    endloop
  endfacet
  facet normal -1 -0 0
    outer loop
      vertex 42.7 21.5 5
      vertex 42.7 0 0
      vertex 42.7 0 5
    endloop
  endfacet
  facet normal 0 1 -0
    outer loop
      vertex 42.7 0 0
      vertex -42.7 0 5
      vertex 42.7 0 5
    endloop
  endfacet
  facet normal 0 1 0
    outer loop
      vertex -42.7 0 5
      vertex 42.7 0 0
      vertex -42.7 0 0
    endloop
  endfacet
  facet normal 1 -0 0
    outer loop
      vertex -42.7 0 5
      vertex -42.7 21.5 0
      vertex -42.7 21.5 5
    endloop
  endfacet
  facet normal 1 0 0
    outer loop
      vertex -42.7 21.5 0
      vertex -42.7 0 5
      vertex -42.7 0 0
    endloop
  endfacet
  facet normal 0 1 -0
    outer loop
      vertex -42.7 21.5 0
      vertex -43.9 21.5 5
      vertex -42.7 21.5 5
    endloop
  endfacet
  facet normal 0 1 0
    outer loop
      vertex -43.9 21.5 5
      vertex -42.7 21.5 0
      vertex -43.9 21.5 0
    endloop
  endfacet
  facet normal -0.940554 0.339644 0
    outer loop
      vertex -44.55 19.7 0
      vertex -43.9 21.5 5
      vertex -43.9 21.5 0
    endloop
  endfacet
  facet normal -0.940554 0.339644 0
    outer loop
      vertex -43.9 21.5 5
      vertex -44.55 19.7 0
      vertex -44.55 19.7 5
    endloop
  endfacet
  facet normal 0 -1 0
    outer loop
      vertex -44.55 19.7 0
      vertex -43.9 19.7 5
      vertex -44.55 19.7 5
    endloop
  endfacet
  facet normal 0 -1 -0
    outer loop
      vertex -43.9 19.7 5
      vertex -44.55 19.7 0
      vertex -43.9 19.7 0
    endloop
  endfacet
  facet normal -1 0 0
    outer loop
      vertex -43.9 0 0
      vertex -43.9 19.7 5
      vertex -43.9 19.7 0
    endloop
  endfacet
  facet normal -1 -0 0
    outer loop
      vertex -43.9 19.7 5
      vertex -43.9 0 0
      vertex -43.9 0 5
    endloop
  endfacet
  facet normal 0 1 -0
    outer loop
      vertex -43.9 0 0
      vertex -46.1 0 5
      vertex -43.9 0 5
    endloop
  endfacet
  facet normal 0 1 0
    outer loop
      vertex -46.1 0 5
      vertex -43.9 0 0
      vertex -46.1 0 0
    endloop
  endfacet
  facet normal 1 -0 0
    outer loop
      vertex -46.1 0 5
      vertex -46.1 19.7 0
      vertex -46.1 19.7 5
    endloop
  endfacet
  facet normal 1 0 0
    outer loop
      vertex -46.1 19.7 0
      vertex -46.1 0 5
      vertex -46.1 0 0
    endloop
  endfacet
  facet normal 0 -1 0
    outer loop
      vertex -46.1 19.7 0
      vertex -45.45 19.7 5
      vertex -46.1 19.7 5
    endloop
  endfacet
  facet normal 0 -1 -0
    outer loop
      vertex -45.45 19.7 5
      vertex -46.1 19.7 0
      vertex -45.45 19.7 0
    endloop
  endfacet
  facet normal 0.940554 0.339644 0
    outer loop
      vertex -45.45 19.7 5
      vertex -46.1 21.5 0
      vertex -46.1 21.5 5
    endloop
  endfacet
  facet normal 0.940554 0.339644 0
    outer loop
      vertex -46.1 21.5 0
      vertex -45.45 19.7 5
      vertex -45.45 19.7 0
    endloop
  endfacet
  facet normal 0 1 -0
    outer loop
      vertex -46.1 21.5 0
      vertex -47.3 21.5 5
      vertex -46.1 21.5 5
    endloop
  endfacet
  facet normal 0 1 0
    outer loop
      vertex -47.3 21.5 5
      vertex -46.1 21.5 0
      vertex -47.3 21.5 0
    endloop
  endfacet
  facet normal -1 0 0
    outer loop
      vertex -47.3 -3 0
      vertex -47.3 21.5 5
      vertex -47.3 21.5 0
    endloop
  endfacet
  facet normal -1 -0 0
    outer loop
      vertex -47.3 21.5 5
      vertex -47.3 -3 0
      vertex -47.3 -3 5
    endloop
  endfacet
  facet normal 0 -1 0
    outer loop
      vertex -32.5 -3 0
      vertex 32.5 -3 1.6
      vertex -32.5 -3 1.6
    endloop
  endfacet
  facet normal 0 -1 -0
    outer loop
      vertex 32.5 -3 1.6
      vertex -32.5 -3 0
      vertex 32.5 -3 0
    endloop
  endfacet
  facet normal 0 -1 0
    outer loop
      vertex -32.5 -3 1.6
      vertex -47.3 -3 5
      vertex -37.5 -3 1.6
    endloop
  endfacet
  facet normal 0 -1 0
    outer loop
      vertex -47.3 -3 0
      vertex -37.5 -3 1.6
      vertex -47.3 -3 5
    endloop
  endfacet
  facet normal 0 -1 -0
    outer loop
      vertex -37.5 -3 1.6
      vertex -47.3 -3 0
      vertex -37.5 -3 0
    endloop
  endfacet
  facet normal 0 -1 0
    outer loop
      vertex -47.3 -3 5
      vertex -32.5 -3 1.6
      vertex 47.3 -3 5
    endloop
  endfacet
  facet normal 0 -1 0
    outer loop
      vertex 32.5 -3 1.6
      vertex 47.3 -3 5
      vertex -32.5 -3 1.6
    endloop
  endfacet
  facet normal 0 -1 0
    outer loop
      vertex 37.5 -3 1.6
      vertex 47.3 -3 5
      vertex 32.5 -3 1.6
    endloop
  endfacet
  facet normal 0 -1 0
    outer loop
      vertex 47.3 -3 0
      vertex 37.5 -3 1.6
      vertex 37.5 -3 0
    endloop
  endfacet
  facet normal 0 -1 0
    outer loop
      vertex 37.5 -3 1.6
      vertex 47.3 -3 0
      vertex 47.3 -3 5
    endloop
  endfacet
  facet normal 1 -0 0
    outer loop
      vertex 47.3 -3 5
      vertex 47.3 21.5 0
      vertex 47.3 21.5 5
    endloop
  endfacet
  facet normal 1 0 0
    outer loop
      vertex 47.3 21.5 0
      vertex 47.3 -3 5
      vertex 47.3 -3 0
    endloop
  endfacet
  facet normal 0 1 -0
    outer loop
      vertex 47.3 21.5 0
      vertex 46.1 21.5 5
      vertex 47.3 21.5 5
    endloop
  endfacet
  facet normal 0 1 0
    outer loop
      vertex 46.1 21.5 5
      vertex 47.3 21.5 0
      vertex 46.1 21.5 0
    endloop
  endfacet
endsolid OpenSCAD_Model
